"","nbsp.w","FRic.w","FEve.w","FDiv.w"
"01_1_BERD_p",2,NA,NA,NA
"01_2_BERD_p",2,NA,NA,NA
"01_BEUA_p",3,2.1276695819168,0.328994546981489,0.934402870851728
"01_BEUB_p",3,0.358952722050702,0.451632735267022,0.3291533353125
"01_BEUC_p",5,1.9947207401904,0.700910949627875,0.911530095119286
"01_BSRD_p",3,0.566025515485339,0.183038199826839,0.987677215232459
"01_BSRE_p",4,1.09079500298321,0.694501907383743,0.896916210483577
"01_BSRF_p",1,NA,NA,NA
"01_BSUA_p",3,0.0043401559457858,0.017028606297177,0.991208261536821
"01_BSUB_p",4,1.03884945040286,0.0672581141362298,0.449996337100428
"01_BSUC_p",8,3.92256979243799,0.506497631593342,0.685251075653986
"01_ZHRD_p",5,2.8498693438458,0.507067409646697,0.883982962370131
"01_ZHRE_p",9,1.79637395149283,0.53290664453639,0.923979776825813
"01_ZHRF_p",2,NA,NA,NA
"01_ZHUA_p",3,0.0305544218319706,0.516731667060617,0.982167039997773
"01_ZHUB_p",9,2.70843586610817,0.471826199430865,0.829670163220859
"01_ZHUC_p",2,NA,NA,NA
"02_1_BERD_p",1,NA,NA,NA
"02_2_BERD_p",1,NA,NA,NA
"02_BEUA_p",3,2.1276695819168,0.941919881364247,0.46423289420482
"02_BEUB_p",7,5.99456932388774,0.53456777901026,0.932093136019192
"02_BEUC_p",2,NA,NA,NA
"02_BSRD_p",2,NA,NA,NA
"02_BSRE_p",1,NA,NA,NA
"02_BSUA_p",1,NA,NA,NA
"02_BSUB_p",8,3.09692644945961,0.491411549183492,0.45849608270484
"02_BSUC_p",11,5.20840473345764,0.51644236062084,0.872319938050689
"02_ZHRD_p",6,2.14451773371942,0.517931021726828,0.770175122950641
"02_ZHRE_p",4,0.0205430655220012,0.0479605345596845,0.996539947708361
"02_ZHRF_p",3,0.0043401559457858,0.0907435924390314,0.956281720415469
"02_ZHUA_p",4,1.03884945040286,0.494280419634504,0.991234897909
"02_ZHUB_p",1,NA,NA,NA
"02_ZHUC_p",2,NA,NA,NA
"03_1_BERD_p",3,0.0043401559457858,0.0193363036719825,0.985526865869729
"03_2_BERD_p",1,NA,NA,NA
"03_BEUA_p",5,3.09692644945961,0.608034718190234,0.826139241024621
"03_BEUB_p",11,3.80630939100013,0.609878573469697,0.752627532748057
"03_BEUC_p",5,0.765898161845758,0.425851916169228,0.894990800510719
"03_BSRD_p",3,0.0305544218319706,0.466955330722185,0.979391858281375
"03_BSRE_p",1,NA,NA,NA
"03_BSRF_p",4,0.544101398159486,0.459935634885127,0.966388264455755
"03_BSUA_p",2,NA,NA,NA
"03_BSUB_p",6,2.66222082439021,0.51885034443244,0.797192975554194
"03_BSUC_p",10,4.90020424816546,0.407446254410883,0.752076951892243
"03_ZHRD_p",2,NA,NA,NA
"03_ZHRE_p",5,1.09079500298321,0.567700963599378,0.88082025313912
"03_ZHRF_p",3,0.0108288279336079,0.248572989018639,0.98452611683697
"03_ZHUA_p",4,2.8498693438458,0.0452569594032002,0.620678672884622
"03_ZHUB_p",7,1.38665289584379,0.298228943539894,0.906270366304508
"03_ZHUC_p",2,NA,NA,NA
"04_1_BERD_p",1,NA,NA,NA
"04_2_BERD_p",2,NA,NA,NA
"04_BEUA_p",5,3.3888575835885,0.233894457521622,0.985751033603671
"04_BEUB_p",10,4.80352854215927,0.615356080679573,0.534529316912626
"04_BEUC_p",8,3.563111872363,0.538277169115799,0.685426697105449
"04_BSRD_p",2,NA,NA,NA
"04_BSRE_p",2,NA,NA,NA
"04_BSRF_p",5,1.63529445403337,0.458640902800377,0.875015811268477
"04_BSUA_p",2,NA,NA,NA
"04_BSUB_p",3,1.346261588307,0.601108142492688,0.723984869918657
"04_BSUC_p",9,4.44039118422171,0.439806169455067,0.727007024598805
"04_ZHRD_p",5,2.31862888213489,0.42936744171405,0.901422076308533
"04_ZHRE_p",1,NA,NA,NA
"04_ZHRF_p",10,3.62558973705926,0.454883219261225,0.90939651702837
"04_ZHUA_p",5,0.0241526748332039,0.335538187817125,0.909946910725705
"04_ZHUB_p",6,2.62459344237736,0.466285501211989,0.966042758920358
"04_ZHUC_p",5,2.17128924240161,0.467012455437957,0.983984921680596
"05_1_BERD_p",1,NA,NA,NA
"05_2_BERD_p",1,NA,NA,NA
"05_BEUB_p",12,7.64921863146206,0.688112170878673,0.902418425633417
"05_BEUC_p",1,NA,NA,NA
"05_BSRD_p",2,NA,NA,NA
"05_BSRE_p",1,NA,NA,NA
"05_BSRF_p",2,NA,NA,NA
"05_BSUA_p",3,0.179044326581312,0.444450126507302,0.982448390326706
"05_BSUB_p",3,1.11948863215671,0.935565796114775,0.932570680896431
"05_BSUC_p",4,2.10284839746462,0.872220237525128,0.779362618206713
"05_ZHRD_p",8,1.76388105375231,0.385168880768432,0.931346165134048
"05_ZHRE_p",2,NA,NA,NA
"05_ZHRF_p",1,NA,NA,NA
"05_ZHUA_p",8,0.723231364966443,0.432777494974797,0.965553885795243
"05_ZHUB_p",1,NA,NA,NA
"05_ZHUC_p",2,NA,NA,NA
"06_1_BERD_p",1,NA,NA,NA
"06_2_BERD_p",1,NA,NA,NA
"06_BEUA_p",5,3.40477696079035,0.699813998156289,0.872291021150462
"06_BEUB_p",9,2.8158469059582,0.679103005715328,0.922538751339888
"06_BEUC_p",4,3.1756806287493,0.440936688660187,0.981764378966012
"06_BSRD_p",1,NA,NA,NA
"06_BSRE_p",1,NA,NA,NA
"06_BSRF_p",2,NA,NA,NA
"06_BSUA_p",2,NA,NA,NA
"06_BSUB_p",6,3.89375642570471,0.374526580426607,0.932883694393239
"06_BSUC_p",8,2.55203335517434,0.529284665371519,0.980123324397431
"06_ZHRD_p",3,0.338793953430365,0.0675442273892646,0.759906421965464
"06_ZHRE_p",1,NA,NA,NA
"06_ZHRF_p",1,NA,NA,NA
"06_ZHUA_p",7,0.984726056911311,0.277417361422712,0.630262287684504
"06_ZHUB_p",9,2.95607069340428,0.749249251815632,0.925360891473918
"06_ZHUC_p",3,0.236810657976795,0.0192237751922839,0.990303718897827
"07_1_BERD_p",1,NA,NA,NA
"07_2_BERD_p",1,NA,NA,NA
"07_BEUA_p",5,4.4929828421139,0.617549869278118,0.938635113378786
"07_BEUB_p",4,0.544101398159486,0.0723994259904696,0.464466860586051
"07_BEUC_p",2,NA,NA,NA
"07_BSRD_p",4,0.229429714450895,0.608489866055037,0.969249709411452
"07_BSRE_p",3,0.0043401559457858,0.274838188409857,0.967895975246604
"07_BSRF_p",5,1.09079500298321,0.321824512472767,0.848391197914782
"07_BSUA_p",2,NA,NA,NA
"07_BSUB_p",6,3.53256713863865,0.750785140177253,0.887099753898514
"07_BSUC_p",9,1.96615865634593,0.519190076415672,0.619229969128324
"07_ZHRD_p",8,2.17280020317383,0.523822365678594,0.808666768501554
"07_ZHRE_p",2,NA,NA,NA
"07_ZHRF_p",1,NA,NA,NA
"07_ZHUA_p",4,0.569672826125239,0.500438761731222,0.569547571029198
"07_ZHUB_p",3,0.189435341166868,0.037810565708299,0.996078011431739
"07_ZHUC_p",1,NA,NA,NA
"08_1_BERD_p",2,NA,NA,NA
"08_2_BERD_p",1,NA,NA,NA
"08_BEUA_p",6,13.0986581232204,0.724980840157673,0.369456150044472
"08_BEUB_p",13,6.09134756415777,0.635148081151381,0.930077032574054
"08_BEUC_p",4,0.895863197550757,0.54921617062717,0.974795282610867
"08_BSRD_p",3,0.0590173443030782,0.497862466056437,0.990889626107089
"08_BSRE_p",2,NA,NA,NA
"08_BSRF_p",5,1.09079500298321,0.711732781947913,0.539260316745763
"08_BSUA_p",2,NA,NA,NA
"08_BSUB_p",4,3.3585867409816,0.398124231504004,0.910213671166789
"08_BSUC_p",7,2.10284839746462,0.514931961417392,0.968597867032826
"08_ZHRD_p",3,0.537975544598815,0.0921538037669725,0.994253984470287
"08_ZHRE_p",6,1.99997184159153,0.770398480384209,0.953231047061706
"08_ZHRF_p",2,NA,NA,NA
"08_ZHUA_p",10,1.88067943009471,0.630553282513345,0.696146556323206
"08_ZHUB_p",4,1.12206606217048,0.752034887861613,0.877292107518144
"08_ZHUC_p",1,NA,NA,NA
"09_1_BERD_p",1,NA,NA,NA
"09_2_BERD_p",3,1.10582690784008,0.231479100897772,0.982070245482029
"09_BEUA_p",4,3.3888575835885,0.253849487497806,0.968292666914749
"09_BEUB_p",4,1.09228581965793,0.500020755477247,0.930647118213646
"09_BEUC_p",2,NA,NA,NA
"09_BSRD_p",2,NA,NA,NA
"09_BSRE_p",2,NA,NA,NA
"09_BSRF_p",8,7.54096531909613,0.391031675369022,0.826529998808372
"09_BSUA_p",2,NA,NA,NA
"09_BSUB_p",4,1.97147500725704,0.341145443292683,0.73533834397089
"09_BSUC_p",6,2.10284839746462,0.451267371040784,0.89864210555806
"09_ZHRD_p",3,1.63529445403337,0.335860440312599,0.995451393791769
"09_ZHRE_p",2,NA,NA,NA
"09_ZHRF_p",1,NA,NA,NA
"09_ZHUA_p",2,NA,NA,NA
"09_ZHUB_p",9,4.12599016288865,0.554846983172385,0.793267746470594
"09_ZHUC_p",4,0.493313670872544,0.731320732426628,0.655841627962854
"10_1_BERD_p",1,NA,NA,NA
"10_2_BERD_p",2,NA,NA,NA
"10_BEUA_p",1,NA,NA,NA
"10_BEUB_p",8,10.9410753797709,0.487209113135278,0.619539923726665
"10_BEUC_p",4,0.555614307340829,0.349916576582209,0.974196336380822
"10_BSRD_p",1,NA,NA,NA
"10_BSRE_p",1,NA,NA,NA
"10_BSRF_p",3,0.544101398159486,0.403538255215129,0.930139891633624
"10_BSUA_p",8,2.35305998478761,0.561007057007171,0.743261726203557
"10_BSUB_p",3,0.0043401559457858,0.664862799156344,0.18482915898405
"10_BSUC_p",4,1.10697727124098,0.370052806594851,0.98263628359226
"10_ZHRD_p",4,3.36007755765632,0.335806766473915,0.639934745137414
"10_ZHRE_p",6,2.69505531511905,0.658151507852015,0.918738200652788
"10_ZHRF_p",1,NA,NA,NA
"10_ZHUA_p",5,0.723231364966443,0.157769641648733,0.992850410260181
"10_ZHUB_p",3,0.0218484107090768,0.488415552384045,0.965639763464016
"10_ZHUC_p",7,2.02598303956092,0.735642231089752,0.990851799746897
"11_1_BERD_p",1,NA,NA,NA
"11_2_BERD_p",1,NA,NA,NA
"11_BEUA_p",3,0.238430373404135,0.143143192546216,0.993289345842177
"11_BEUB_p",4,0.361244568432214,0.519481521494044,0.974965016058308
"11_BEUC_p",4,0.895863197550757,0.966618019189575,0.796098573460417
"11_BSRD_p",3,0.170412370147817,0.0726788498309439,0.994407981247013
"11_BSRE_p",2,NA,NA,NA
"11_BSRF_p",6,5.03782152707871,0.0675645922696482,0.573247987535863
"11_BSUA_p",5,0.893479457530683,0.336531253332278,0.858085033342552
"11_BSUB_p",2,NA,NA,NA
"11_BSUC_p",3,0.179044326581312,0.86814333336269,0.230668167158961
"11_ZHRD_p",5,6.50128784399207,0.611486452701215,0.971030575032085
"11_ZHRE_p",1,NA,NA,NA
"11_ZHRF_p",7,3.71749915554381,0.717253618810218,0.874823859636133
"11_ZHUA_p",6,2.85136016052052,0.621429396857502,0.640038795126365
"11_ZHUB_p",6,2.16404228714764,0.444823935328124,0.98008360250062
"11_ZHUC_p",8,1.77659427873881,0.541818401938695,0.710045115691958
"12_1_BERD_p",2,NA,NA,NA
"12_2_BERD_p",3,0.566025515485339,0.43719710637357,0.705975506719303
"12_BEUA_p",9,5.19141739424085,0.550209492656831,0.943803574886892
"12_BEUB_p",11,1.87412684603018,0.497764456401229,0.805866914085225
"12_BEUC_p",4,0.555614307340829,0.462084295845326,0.972012757576413
"12_BSRD_p",7,2.68620736447898,0.501646510114135,0.945007283509045
"12_BSRE_p",1,NA,NA,NA
"12_BSRF_p",3,0.0043401559457858,0.256429257704931,0.980895028825903
"12_BSUA_p",8,3.94186638186993,0.473198287695178,0.925247756949472
"12_BSUB_p",6,4.44703740202998,0.609171097001006,0.899112066229067
"12_BSUC_p",3,0.0043401559457858,0.662614979385354,0.196136392904631
"12_ZHRD_p",8,4.83954189562941,0.242397434244198,0.842753369720522
"12_ZHRE_p",1,NA,NA,NA
"12_ZHRF_p",1,NA,NA,NA
"12_ZHUA_p",5,1.46950161592496,0.24560848743237,0.505966046406921
"12_ZHUB_p",4,0.890493512844574,0.0653889760953887,0.859298962468918
"12_ZHUC_p",7,1.08374010287362,0.569556077536947,0.828568629361648
"13_BERD_p",2,NA,NA,NA
"13_BEUA_p",4,4.47101171247064,0.502003092420873,0.842429034229004
"13_BEUB_p",1,NA,NA,NA
"13_BEUC_p",3,0.377343010409146,0.136520502809444,0.920145890365302
"13_BSRD_p",5,1.27149749540569,0.557997442545396,0.955057850802824
"13_BSRE_p",3,0.0043401559457858,0.0298935613921971,0.987440482523556
"13_BSRF_p",3,0.544101398159486,0.461340947019094,0.980888900487225
"13_BSUA_p",2,NA,NA,NA
"13_BSUB_p",7,6.4185642319245,0.63004998965069,0.631548807213868
"13_BSUC_p",6,2.10284839746462,0.529905174648269,0.952931637024206
"13_ZHRD_p",2,NA,NA,NA
"13_ZHRE_p",3,0.0043401559457858,0.0375506758043254,0.984552906692024
"13_ZHRF_p",1,NA,NA,NA
"13_ZHUA_p",10,4.87136640488196,0.532697209662397,0.669509776529959
"13_ZHUB_p",1,NA,NA,NA
"13_ZHUC_p",12,7.5003023238663,0.31681746111571,0.655888302592466
"14_BERD_p",2,NA,NA,NA
"14_BEUA_p",5,5.14464300284776,0.337256058845606,0.787007764383982
"14_BEUB_p",6,1.2711423887931,0.653121925342832,0.755182195473914
"14_BEUC_p",3,0.184720027219582,0.983288475665278,0.498965923979737
"14_BSRD_p",1,NA,NA,NA
"14_BSRE_p",1,NA,NA,NA
"14_BSRF_p",4,0.804677980117604,0.516538333780103,0.598521315673088
"14_BSUA_p",4,0.544101398159486,0.150652399118213,0.456432016490582
"14_BSUB_p",4,3.3585867409816,0.436615455230654,0.988993707662923
"14_BSUC_p",9,4.92408576222991,0.534845352187399,0.740894067816737
"14_ZHRD_p",6,5.64138610085012,0.213491544750007,0.911005588781672
"14_ZHRE_p",1,NA,NA,NA
"14_ZHRF_p",1,NA,NA,NA
"14_ZHUA_p",9,1.46348671970289,0.236065001315544,0.907146794910962
"14_ZHUB_p",1,NA,NA,NA
"14_ZHUC_p",11,9.43274805237266,0.391392878158355,0.394893485045144
"15_BERD_p",3,0.566025515485339,0.523879734145701,0.916780496014061
"15_BEUA_p",2,NA,NA,NA
"15_BEUB_p",7,1.09079500298321,0.447896002779513,0.601794405969912
"15_BEUC_p",3,3.21446719823715,0.0490326964717269,0.877230791883992
"15_BSRD_p",1,NA,NA,NA
"15_BSRE_p",1,NA,NA,NA
"15_BSRF_p",7,5.7804093534873,0.553457204373859,0.622273711842464
"15_BSUA_p",4,0.503366062709308,0.813491708533987,0.844993240008589
"15_BSUB_p",2,NA,NA,NA
"15_BSUC_p",8,5.36818321242776,0.372052258542183,0.540870969318983
"15_ZHRD_p",1,NA,NA,NA
"15_ZHRE_p",3,1.09079500298321,0.0990358893961722,0.988702465926304
"15_ZHRF_p",1,NA,NA,NA
"15_ZHUA_p",3,1.03884945040286,0.0738606354352316,0.994016509029376
"15_ZHUB_p",4,0.610821865581139,0.537773100111378,0.963655492925398
"15_ZHUC_p",7,2.2454644411813,0.272530229586623,0.475733672946713
"16_BERD_p",3,0.183458928392739,0.0795272999680172,0.904762850889513
"16_BEUA_p",2,NA,NA,NA
"16_BEUB_p",6,3.77863136734192,0.401854949730883,0.67846357677931
"16_BEUC_p",1,NA,NA,NA
"16_BSRD_p",1,NA,NA,NA
"16_BSRE_p",2,NA,NA,NA
"16_BSRF_pB_E",5,1.09079500298321,0.675781219118458,0.983384353106919
"16_BSRF_pB_F",5,1.08975945810351,0.796307804027646,0.700719714116483
"16_BSUA_p",8,1.85803147715462,0.461102484577871,0.271860898033259
"16_BSUB_p",4,3.8458193973004,0.632347526334055,0.959024794240814
"16_BSUC_p",5,2.54538735045334,0.469456257962464,0.93012447830432
"16_ZHRD_p",3,0.0043401559457858,0.0530263214686086,0.952400143328227
"16_ZHRE_p",8,4.25966966310822,0.549438240381156,0.937148367667219
"16_ZHRF_p",2,NA,NA,NA
"16_ZHUA_p",3,0.0043401559457858,0.654282560918194,0.210373532206597
"16_ZHUB_p",9,2.60010607390636,0.5096425386267,0.879655511605728
"16_ZHUC_p",8,9.60360949788362,0.358817997189446,0.450593008513888
"17_BERD_p",1,NA,NA,NA
"17_BEUA_p",5,2.21532438425948,0.393005093163379,0.64458337410769
"17_BEUB_p",8,4.97541547622686,0.468303887235976,0.576712515647515
"17_BEUC_p",4,0.947030171419893,0.184184724132945,0.71260902018469
"17_BSRD_p",2,NA,NA,NA
"17_BSRF_p",5,1.08975945810351,0.878455229816795,0.628713108895184
"17_BSUA_p",5,5.34160796265958,0.866489418196717,0.927110627539258
"17_BSUB_p",13,7.55121092610691,0.51121096416038,0.849717626360475
"17_BSUC_p",12,4.64302263477929,0.50040805489679,0.753343460721013
"17_ZHRD_p",5,5.14691785259142,0.666683059433826,0.803605333341664
"17_ZHRE_p",8,5.51363576859607,0.393728952777969,0.846270943130297
"17_ZHRF_p",1,NA,NA,NA
"17_ZHUA_p",4,1.35531302203743,0.51687864520935,0.984884701519578
"17_ZHUB_p",7,2.76709184490492,0.608140252204635,0.973337958419581
"17_ZHUC_p",5,1.2162895467469,0.361997553377982,0.74438861761123
"18_BERD_p",1,NA,NA,NA
"18_BEUA_p",3,1.03884945040286,0.663833747125717,0.992691474071189
"18_BEUB_p",5,2.1276695819168,0.349294827162618,0.43741710523236
"18_BEUC_p",7,4.34791720553337,0.590560652003287,0.914501529430755
"18_BSRD_p",1,NA,NA,NA
"18_BSRE_p",1,NA,NA,NA
"18_BSRF_p",4,1.13099979035297,0.825765731394858,0.868929671840246
"18_BSUA_p",4,0.574509793185614,0.895201761087222,0.555564642360376
"18_BSUB_p",4,0.993121316552857,0.578943979278678,0.945735940406011
"18_BSUC_p",10,4.5833552484159,0.872968866406448,0.890926139732698
"18_ZHRD_p",3,0.050466410227527,0.441072044974095,0.540977759817977
"18_ZHRE_p",7,5.51363576859607,0.222213386014812,0.81157470348683
"18_ZHRF_p",1,NA,NA,NA
"18_ZHUA_p",1,NA,NA,NA
"18_ZHUB_p",9,4.46092096026646,0.62989066571324,0.845300616648774
"18_ZHUC_p",3,0.680858159105746,0.79026248953022,0.468284486764859
"19_BERD_p",2,NA,NA,NA
"19_BEUA_p",5,2.15433978979855,0.570618014701738,0.699424162735612
"19_BEUB_p",3,0.179044326581312,0.836626981612694,0.247917077625506
"19_BEUC_p",2,NA,NA,NA
"19_BSRD_p",1,NA,NA,NA
"19_BSRE_p",2,NA,NA,NA
"19_BSRF_p",8,4.4021922168464,0.443490752354455,0.886412252828856
"19_BSUA_p",4,0.515365196677054,0.808556275418975,0.554720405386977
"19_BSUB_p",5,1.09079500298321,0.361998796819569,0.874216740609142
"19_BSUC_p",9,4.9913512101467,0.654580374554647,0.710617653659864
"19_ZHRD_p",3,0.179044326581312,0.0867217286846531,0.955575617424625
"19_ZHRE_p",7,7.61230957454773,0.352892556995737,0.802664309839255
"19_ZHRF_p",5,0.893479457530683,0.380980864703206,0.855208795761019
"19_ZHUA_p",8,4.03797578666523,0.297102132998517,0.869121290858814
"19_ZHUB_p",3,0.184720027219582,0.0210865184397531,0.99570533250411
"19_ZHUC_p",7,1.73934266832497,0.363133110910242,0.93627993173969
"20_BERD_p",2,NA,NA,NA
"20_BERD_pL_E",2,NA,NA,NA
"20_BERD_pL_F",1,NA,NA,NA
"20_BEUA_p",2,NA,NA,NA
"20_BEUB_p",3,0.541023170226097,0.30564498487279,0.975499712745825
"20_BEUC_p",1,NA,NA,NA
"20_BSRD_p",2,NA,NA,NA
"20_BSRE_p",1,NA,NA,NA
"20_BSRF_p",5,3.54970980783287,0.160640469611525,0.635511046657576
"20_BSUA_p",4,0.546245706876995,0.554428731555358,0.982888401980244
"20_BSUB_p",8,6.47885954002946,0.446962464642346,0.906936182915927
"20_BSUC_p",11,9.5946129133888,0.647402232344641,0.901406896365314
"20_ZHRD_p",3,0.431301713226855,0.0477776620074566,0.99445920083401
"20_ZHRE_p",3,0.0043401559457858,0.671509511234326,0.21588770753499
"20_ZHRF_p",1,NA,NA,NA
"20_ZHUA_p",4,0.544101398159486,0.0669069956417901,0.649176887557447
"20_ZHUB_p",4,0.669234748113983,0.953840325556936,0.515980439821015
"20_ZHUC_p",5,1.2162895467469,0.422877616684815,0.581268793006187
"21_BERD_p",2,NA,NA,NA
"21_BEUA_p",2,NA,NA,NA
"21_BEUB_p",6,3.1756806287493,0.210191397891508,0.831951128309533
"21_BSRD_p",1,NA,NA,NA
"21_BSRE_p",2,NA,NA,NA
"21_BSRF_p",3,0.0043401559457858,0.262148882490745,0.971587409068813
"21_BSUA_p",8,3.32365098399865,0.559183576271521,0.95861353808368
"21_BSUB_p",9,4.67563230575614,0.493621040895844,0.925838289997961
"21_BSUC_p",9,4.9913512101467,0.519999315915032,0.773573974924299
"21_ZHRD_p",4,1.63529445403337,0.505141946734342,0.932068824729874
"21_ZHRE_p",5,1.09079500298321,0.323553567079583,0.96265325864256
"21_ZHRF_p",2,NA,NA,NA
"21_ZHUA_p",4,0.0218467475903095,0.287375772836555,0.986868350793633
"21_ZHUB_p",2,NA,NA,NA
"21_ZHUC_p",3,0.179044326581312,0.860226719891641,0.213342710215089
"22_BERD_p",6,1.4328786031725,0.558384310540191,0.934904953947974
"22_BEUA_p",2,NA,NA,NA
"22_BEUB_p",4,1.07216082314551,0.214264029070338,0.932932749454198
"22_BSRD_p",4,0.229429714450895,0.747813342675979,0.965686536544414
"22_BSRE_p",2,NA,NA,NA
"22_BSRF_p",5,0.766909530709819,0.360260325401579,0.563724801866287
"22_BSUA_p",12,9.87770170174532,0.61374779321973,0.908260454246001
"22_BSUB_p",9,7.60549173630961,0.53666803201263,0.746448846332656
"22_BSUC_p",8,2.48239796372594,0.662240623554185,0.907989823092474
"22_ZHRD_p",6,1.1970241258962,0.636411282443341,0.523173528155578
"22_ZHRE_p",8,6.26013696487954,0.386282744577491,0.955665579667547
"22_ZHRF_p",3,0.000993877783148203,0.00267123836998273,0.602139761971853
"22_ZHUA_p",1,NA,NA,NA
"22_ZHUB_p",10,7.34968684855903,0.605106242286508,0.608688169460563
"22_ZHUC_p",5,1.2038116723606,0.473536493562648,0.749441266951478
"23_BERD_p",2,NA,NA,NA
"23_BEUA_p",3,0.537975544598815,0.388469727012235,0.87742170587282
"23_BEUB_p",8,5.88801129231184,0.451109169985889,0.967336937451232
"23_BSRD_p",1,NA,NA,NA
"23_BSRE_p",3,0.0043401559457858,0.0110139385569767,0.994057347364802
"23_BSRF_p",4,0.544101398159486,0.640186061206682,0.775447204622229
"23_BSUA_p",4,0.470763237435796,0.108306093821135,0.503754954344747
"23_BSUB_p",2,NA,NA,NA
"23_BSUC_p",6,1.26623419229407,0.242372406049068,0.881769036564693
"23_ZHRD_p",6,3.73614747672233,0.367423270641367,0.433021677276558
"23_ZHRE_p",8,1.76388105375231,0.491974308998379,0.971583791034289
"23_ZHRF_p",2,NA,NA,NA
"23_ZHUA_p",3,0.0043401559457858,0.374718644810991,0.558382834773607
"23_ZHUB_p",2,NA,NA,NA
"23_ZHUC_p",5,1.2038116723606,0.399645351691901,0.51588205580473
"24_BERD_p",1,NA,NA,NA
"24_BEUA_p",2,NA,NA,NA
"24_BEUB_p",2,NA,NA,NA
"24_BSRD_p",1,NA,NA,NA
"24_BSRE_p",1,NA,NA,NA
"24_BSRF_p",7,1.09079500298321,0.385678635691489,0.665659393395566
"24_BSUA_p",5,1.46276848389987,0.452097831884493,0.903796832106893
"24_BSUB_p",7,4.94999507873732,0.619109223954918,0.97996665953396
"24_BSUC_p",5,0.164273589193021,0.417285027254209,0.952542505477957
"24_ZHRD_p",7,2.14451773371942,0.592406396349537,0.970615441486089
"24_ZHRE_p",9,2.50599356457705,0.443711543704739,0.919665114099859
"24_ZHRF_p",5,2.2428352523424,0.300248787392085,0.635151855730958
"24_ZHUA_p",4,1.89187426326723,0.412755699366727,0.808300315651106
"24_ZHUB_p",2,NA,NA,NA
"24_ZHUC_p",16,5.51147315059537,0.532144441959145,0.743103146225338
"25_BERD_p",2,NA,NA,NA
"25_BEUA_p",5,3.3888575835885,0.332267978805108,0.984601423586991
"25_BEUB_p",8,4.29628500283944,0.698753832687498,0.83929720205033
"25_BSRD_p",1,NA,NA,NA
"25_BSRE_p",3,0.0043401559457858,0.897461891829163,0.983349083560932
"25_BSRF_p",3,0.765418714035097,0.248329073651345,0.954754818847414
"25_BSUA_p",2,NA,NA,NA
"25_BSUB_p",1,NA,NA,NA
"25_BSUC_p",2,NA,NA,NA
"25_ZHRD_p",8,4.95222556912697,0.574983167340976,0.924432623509845
"25_ZHRE_p",7,4.77350091578471,0.285509962102509,0.4341811818662
"25_ZHRF_p",4,3.3585867409816,0.207160675940738,0.912659495505945
"25_ZHUA_p",2,NA,NA,NA
"25_ZHUB_p",1,NA,NA,NA
"25_ZHUC_p",5,2.24252106481046,0.405945580143388,0.932097122218702
"26_BERD_p",1,NA,NA,NA
"26_BEUA_p",2,NA,NA,NA
"26_BEUB_p",5,2.24150683547847,0.428503476860663,0.624243435003618
"26_BSRD_p",1,NA,NA,NA
"26_BSRE_p",1,NA,NA,NA
"26_BSRE_pL_E",1,NA,NA,NA
"26_BSRE_pL_F",5,0.949315724752714,0.695028005989503,0.921968821453183
"26_BSRF_p",4,0.544101398159486,0.50752204824209,0.992185243303743
"26_BSUA_p",3,0.050466410227527,0.0655359090638794,0.935658378089707
"26_BSUB_p",4,0.896177699869209,0.16083206180393,0.9913927551884
"26_BSUC_p",4,0.844359040637932,0.19928419079098,0.991844236092346
"26_ZHRD_p",2,NA,NA,NA
"26_ZHRE_p",1,NA,NA,NA
"26_ZHRF_p",1,NA,NA,NA
"26_ZHUA_p",2,NA,NA,NA
"26_ZHUB_p",7,1.27103584580868,0.480983282207799,0.869971625573412
"26_ZHUC_p",9,4.24724181641279,0.454393771941546,0.881179685771608
"27_BERD_p",5,1.74033802108407,0.365636477925326,0.901448444238793
"27_BEUA_p",5,0.583848494539049,0.206353666107994,0.969922674301643
"27_BEUB_p",5,5.29502837010746,0.609811201494871,0.892097302844679
"27_BSRD_p",1,NA,NA,NA
"27_BSRE_p",2,NA,NA,NA
"27_BSRF_p",6,0.965244978672246,0.539144415939745,0.936402278869012
"27_BSUA_p",3,0.177002375394422,0.249770724075753,0.981053000266832
"27_BSUB_p",4,1.01654368028428,0.160459419511179,0.922261581042493
"27_BSUC_p",2,NA,NA,NA
"27_ZHRD_p",4,0.16355166733078,0.662863823612661,0.81581732980763
"27_ZHRE_p",3,3.58483730277293,0.0864806718617279,0.995392317422043
"27_ZHRF_p",2,NA,NA,NA
"27_ZHUA_p",6,2.85136016052052,0.540043121456457,0.765943814447325
"27_ZHUB_p",8,3.88205967304781,0.357209337413991,0.757503360697373
"27_ZHUC_p",4,1.19488016442489,0.23266570082154,0.912766851117644
"28_BERD_p",1,NA,NA,NA
"28_BEUB_p",9,6.89058358084382,0.65628997697386,0.881476403692415
"28_BSRD_p",1,NA,NA,NA
"28_BSRE_p",3,0.0043401559457858,0.34390678795766,0.984251949005402
"28_BSRF_p",6,0.882540917935028,0.356395461463268,0.964625610353406
"28_BSUA_p",4,0.16355166733078,0.258189563479554,0.684174554597656
"28_BSUB_p",1,NA,NA,NA
"28_BSUC_p",1,NA,NA,NA
"28_ZHRD_p",5,1.13249060702769,0.527610231721994,0.955263513916241
"28_ZHRE_p",1,NA,NA,NA
"28_ZHRF_p",1,NA,NA,NA
"28_ZHUA_p",6,2.8498693438458,0.511595474231363,0.920638240409344
"28_ZHUB_p",4,0.747302108004025,0.0649356128366048,0.806250725396147
"28_ZHUC_p",3,0.711505718606961,0.44779783945153,0.518736763366337
"29_BERD_p",2,NA,NA,NA
"29_BEUA_p",2,NA,NA,NA
"29_BEUB_p",13,6.74093218111865,0.434094326047073,0.924335166964823
"29_BSRD_p",1,NA,NA,NA
"29_BSRE_p",2,NA,NA,NA
"29_BSRF_p",6,1.84303306876432,0.68738938522171,0.966597277726928
"29_BSUA_p",3,0.709391237073287,0.156362007453034,0.923332842794374
"29_BSUB_p",4,3.18362942598951,0.095432098542586,0.747654111474576
"29_BSUC_p",12,30.4047350395902,0.284333524763219,0.592138696236698
"29_ZHRD_p",2,NA,NA,NA
"29_ZHRE_p",2,NA,NA,NA
"29_ZHRF_p",1,NA,NA,NA
"29_ZHUA_p",3,0.537975544598815,0.11211244679781,0.984772366509663
"29_ZHUC_p",1,NA,NA,NA
"30_BERD_p",1,NA,NA,NA
"30_BEUA_pB_E",2,NA,NA,NA
"30_BEUA_pB_F",2,NA,NA,NA
"30_BEUB_p",5,0.782071738125232,0.534503572400583,0.395992724014613
"30_BSRD_p",2,NA,NA,NA
"30_BSRE_p",2,NA,NA,NA
"30_BSUA_p",2,NA,NA,NA
"30_BSUB_p",5,1.08975945810351,0.677800321783365,0.987156083722376
"30_BSUC_p",3,0.00149081667472236,2.7792574770924e-05,0.603463841390014
"30_ZHRD_p",3,0.0043401559457858,0.602956157322093,0.972047462484085
"30_ZHRE_p",4,0.720301889786862,0.545566350892278,0.984634043395474
"30_ZHRF_p",2,NA,NA,NA
"30_ZHUA_p",7,3.63374820551622,0.426950955781634,0.979994245806326
"30_ZHUB_p",1,NA,NA,NA
"30_ZHUC_p",3,0.711505718606961,0.479907132712559,0.571590109221727
"31_BERD_p",1,NA,NA,NA
"31_BEUA_p",3,0.0043401559457858,0.0661383691751223,0.967053210056976
"31_BEUB_p",8,5.68489324544268,0.448745492683786,0.75090805628798
"31_BSRD_p",2,NA,NA,NA
"31_BSRE_p",2,NA,NA,NA
"31_BSRF_p",5,0.171903186822539,0.352481859901748,0.981084692365014
"31_BSUA_p",3,0.179044326581312,0.0599070387464928,0.972812432809872
"31_BSUB_p",2,NA,NA,NA
"31_BSUC_p",5,1.13099979035297,0.803684737602656,0.703232868796618
"31_ZHRD_p",4,0.00583097262050795,0.500062199101745,0.957556700425733
"31_ZHRE_p",1,NA,NA,NA
"31_ZHRF_p",6,4.95688173448081,0.406434034190876,0.734591070329783
"31_ZHUA_p",4,2.22218088903812,0.560540737772647,0.929135356492058
"31_ZHUB_p",5,0.165042484005503,0.661483475097477,0.508298567406664
"31_ZHUC_p",3,2.1276695819168,0.956876939083215,0.573990660634055
"32_BERD_p",2,NA,NA,NA
"32_BEUA_p",4,2.14373841018046,0.369280549605888,0.53437230238965
"32_BEUB_p",4,1.421632419686,0.127126321451793,0.94947482271575
"32_BSRD_p",1,NA,NA,NA
"32_BSRE_p",3,0.0108288279336079,0.0188754135230711,0.737954163402471
"32_BSRF_p",6,1.44389068231443,0.514263003227867,0.989421465414131
"32_BSUA_p",1,NA,NA,NA
"32_BSUB_p",2,NA,NA,NA
"32_BSUC_p",3,0.000496938891574122,0.000115717009463889,0.602613634257701
"32_ZHRD_p",2,NA,NA,NA
"32_ZHRE_p",3,0.170412370147815,0.132122816976261,0.985058607325227
"32_ZHRF_p",1,NA,NA,NA
"32_ZHUA_p",9,3.47550440348165,0.470744068377874,0.705930976348617
"32_ZHUB_p",5,3.11465981547322,0.380639873014245,0.854476729327929
"32_ZHUC_p",3,0.711505718606961,0.767760788409229,0.788288139824891
"33_BERD_p",1,NA,NA,NA
"33_BEUA_p",1,NA,NA,NA
"33_BEUB_p",12,6.93768035010418,0.458741653701633,0.689635942421508
"33_BSRD_p",2,NA,NA,NA
"33_BSRE_p",2,NA,NA,NA
"33_BSRF_p",3,0.0510172487882247,0.232550895921155,0.995378627265248
"33_BSUA_p",2,NA,NA,NA
"33_BSUB_p",3,0.050466410227527,0.0869318683428428,0.915248834543878
"33_BSUC_p",3,0.0043401559457858,0.0363075147547098,0.971499580800128
"33_ZHRD_p",8,6.72971856069255,0.43274396242701,0.799847157072396
"33_ZHRE_p",1,NA,NA,NA
"33_ZHRF_p",7,3.7073990209664,0.32761958420544,0.746035086059932
"33_ZHUA_p",1,NA,NA,NA
"33_ZHUB_p",1,NA,NA,NA
"33_ZHUC_p",9,4.63845819289393,0.373463659863407,0.642688097833495
"34_BERD_p",1,NA,NA,NA
"34_BEUA_p",3,1.08975945810351,0.0466559345297206,0.996484630301727
"34_BEUB_p",5,1.82687236365866,0.360951144696987,0.948387150991243
"34_BSRD_p",1,NA,NA,NA
"34_BSRE_p",2,NA,NA,NA
"34_BSRF_p",5,0.963754161997524,0.382010822079226,0.946843684145138
"34_BSUA_p",1,NA,NA,NA
"34_BSUB_p",2,NA,NA,NA
"34_BSUC_p",1,NA,NA,NA
"34_ZHRD_p",7,3.96952867196319,0.538258720137942,0.843576055896405
"34_ZHRE_p",2,NA,NA,NA
"34_ZHRF_p",5,1.38849109084942,0.128526093206527,0.990969210703174
"34_ZHUA_p",2,NA,NA,NA
"34_ZHUB_p",7,4.0379682585674,0.690578647488872,0.808177638230367
"34_ZHUC_p",10,4.08436888286703,0.524632059622034,0.891901408445822
"35_BERD_p",2,NA,NA,NA
"35_BEUB_p",2,NA,NA,NA
"35_BSRD_p",1,NA,NA,NA
"35_BSRF_p",4,0.16355166733078,0.260467073233816,0.785674550481522
"35_BSUA_p",2,NA,NA,NA
"35_BSUB_p",3,0.461799767696453,0.0116077958882672,0.992376947394504
"35_BSUC_p",1,NA,NA,NA
"35_ZHRD_p",9,3.39512559335495,0.44137232285903,0.365758595088333
"35_ZHRE_p",2,NA,NA,NA
"35_ZHRF_p",2,NA,NA,NA
"35_ZHUA_p",3,0.947898816637509,0.433403757190159,0.61646246403521
"35_ZHUB_p",4,3.24224669461693,0.685256533396656,0.710874755344691
"36_BERD_p",2,NA,NA,NA
"36_BEUB_p",2,NA,NA,NA
"36_BSRD_p",1,NA,NA,NA
"36_BSRF_p",4,0.544101398159486,0.585843490622173,0.611981891606871
"36_BSUA_p",1,NA,NA,NA
"36_BSUB_p",2,NA,NA,NA
"36_BSUC_p",4,0.544101398159486,0.51551586356632,0.986959194674943
"36_ZHRF_p",7,2.02846759600308,0.437885562325972,0.809484113567096
"36_ZHUA_p",3,0.947898816637509,0.376440419379229,0.493058541900669
"36_ZHUB_p",4,2.13380656285183,0.895263106057273,0.735810226514489
"37_BSRD_p",1,NA,NA,NA
"37_BSRF_p",3,0.765418714035097,0.27072405333668,0.979440737454932
"37_BSUA_p",1,NA,NA,NA
"37_BSUB_p",2,NA,NA,NA
"37_BSUC_p",4,0.544101398159486,0.528972870933476,0.971034756004587
"37_ZHRF_p",6,1.95114517872596,0.399864796752123,0.96520254616546
"37_ZHUA_p",4,2.8498693438458,0.157419091673821,0.938557352448809
"37_ZHUB_p",6,2.07308685290531,0.712395073267028,0.758612572130415
"38_BSUA_p",3,3.18846523940066,0.115653627174494,0.737254548870289
"38_BSUB_p",2,NA,NA,NA
"38_BSUC_p",2,NA,NA,NA
"38_ZHUA_p",2,NA,NA,NA
"39_BSUA_p",4,0.61897719521982,0.525041702902266,0.964479259574392
"39_BSUB_p",2,NA,NA,NA
"40_BSUB_p",11,5.22175367925882,0.688605085794665,0.93674554159287
