"","ID","nbsp","PVar","PRic","PEve","PClu"
"1","01_1_BERD_p",2,0.36407797208954,0.728155944179081,0.072619332344817,0.36407797208954
"2","01_2_BERD_p",2,0.36407797208954,0.728155944179081,0.0725567127238842,0.36407797208954
"3","01_BEUA_p",3,0.728980619555334,2.186941858666,0.365602587569532,0.546529295822437
"4","01_BEUB_p",3,0.573803884137565,1.72141165241269,0.0721779671349879,0.317445700187315
"5","01_BEUC_p",5,0.704409714443116,3.52204857221558,0.276611995765954,0.411755410626986
"6","01_BSRD_p",3,0.728980619555334,2.186941858666,0.088475308680597,0.546529295822437
"7","01_BSRE_p",4,0.799344628254682,3.19737851301873,0.529005594205171,0.575169998187585
"8","01_BSRF_p",1,NA,NA,NA,NA
"9","01_BSUA_p",3,0.263081153472048,0.789243460416145,0.0115788936441149,0.162084334854557
"10","01_BSUB_p",4,0.55798141102458,2.23192564409832,0.0664432983181239,0.334783668285195
"11","01_BSUC_p",8,0.725986714727724,5.80789371782179,0.630146801686436,0.277769863985613
"12","01_ZHRD_p",5,0.6918945515318,3.459472757659,0.359882575442062,0.361694758981722
"13","01_ZHRE_p",9,0.677606174131728,6.09845556718555,0.429506120426759,0.255462445846817
"14","01_ZHRF_p",2,0.911431943288231,1.82286388657646,0.0444518865937016,0.911431943288231
"15","01_ZHUA_p",3,0.28586808697762,0.857604260932859,0.0462504068255007,0.207658201865699
"16","01_ZHUB_p",9,0.741296406164317,6.67166765547885,0.476648464217554,0.331796633735774
"17","01_ZHUC_p",2,0.0610875162370648,0.12217503247413,0.00162534841564655,0.0610875162370648
"18","02_1_BERD_p",1,NA,NA,NA,NA
"19","02_2_BERD_p",1,NA,NA,NA,NA
"20","02_BEUA_p",3,0.728980619555334,2.186941858666,0.17662957180017,0.546529295822437
"21","02_BEUB_p",7,0.812979079118921,5.69085355383245,0.637154963623148,0.480214556682139
"22","02_BEUC_p",2,0.911431943288231,1.82286388657646,0.0423372838778757,0.911431943288231
"23","02_BSRD_p",2,0.36407797208954,0.728155944179081,0.0904010253353489,0.36407797208954
"24","02_BSRE_p",1,NA,NA,NA,NA
"25","02_BSUA_p",1,NA,NA,NA,NA
"26","02_BSUB_p",8,0.547506742427051,4.38005393941641,0.0663669686807989,0.24942890696339
"27","02_BSUC_p",11,0.676982147720452,7.44680362492497,0.397671927152468,0.247244846290326
"28","02_ZHRD_p",6,0.443094970944575,2.65856982566745,0.269598468309091,0.24129169293429
"29","02_ZHRE_p",4,0.231780490045533,0.927121960182132,0.0689767610692739,0.137712847851802
"30","02_ZHRF_p",3,0.263081153472048,0.789243460416145,0.0598992251850221,0.162084334854557
"31","02_ZHUA_p",4,0.800689523184743,3.20275809273897,0.0559237495453125,0.623117389011106
"32","02_ZHUB_p",1,NA,NA,NA,NA
"33","02_ZHUC_p",2,0.911431943288231,1.82286388657646,0.861932369362527,0.911431943288231
"34","03_1_BERD_p",3,0.263081153472048,0.789243460416145,0.00973607459681536,0.162084334854557
"35","03_2_BERD_p",1,NA,NA,NA,NA
"36","03_BEUA_p",5,0.706197703981712,3.53098851990856,0.314429047170743,0.477457643492488
"37","03_BEUB_p",11,0.815313479500865,8.96844827450951,0.699237349742593,0.312296516734986
"38","03_BEUC_p",5,0.584080968149675,2.92040484074837,0.367840584776715,0.0712182190461152
"39","03_BSRD_p",3,0.28586808697762,0.857604260932859,0.0289213890553184,0.207658201865699
"40","03_BSRE_p",1,NA,NA,NA,NA
"41","03_BSRF_p",4,0.58725654838014,2.34902619352056,0.137437487649498,0.349421236962975
"42","03_BSUA_p",2,0.0610875162370648,0.12217503247413,0.00193538295630335,0.0610875162370648
"43","03_BSUB_p",6,0.75262540657652,4.51575243945912,0.397553140300482,0.439868140921622
"44","03_BSUC_p",10,0.670581363496403,6.70581363496403,0.308605230746728,0.343456311785234
"45","03_ZHRD_p",2,0.36407797208954,0.728155944179081,0.0439474590335442,0.36407797208954
"46","03_ZHRE_p",5,0.704409714443116,3.52204857221558,0.654937776522786,0.411755410626986
"47","03_ZHRF_p",3,0.299809228031253,0.899427684093759,0.0480241321874763,0.235540483972966
"48","03_ZHUA_p",4,0.58725654838014,2.34902619352056,0.074574870751338,0.349421236962975
"49","03_ZHUB_p",7,0.743778769214135,5.20645138449895,0.698665200153082,0.40956157571712
"50","03_ZHUC_p",2,0.911431943288231,1.82286388657646,0.0932267286002858,0.911431943288231
"51","04_1_BERD_p",1,NA,NA,NA,NA
"52","04_2_BERD_p",2,0.36407797208954,0.728155944179081,0.0148469815684518,0.36407797208954
"53","04_BEUA_p",5,0.505794583916617,2.52897291958308,0.579563852532949,0.305426652921136
"54","04_BEUB_p",10,0.649456092027115,6.49456092027115,0.556766493022267,0.251602702902007
"55","04_BEUC_p",8,0.715811571805013,5.72649257444011,0.572655580142035,0.302599353857909
"56","04_BSRD_p",2,0.36407797208954,0.728155944179081,0.0427305194354171,0.36407797208954
"57","04_BSRE_p",2,0.136708209563829,0.273416419127659,0.00344458014906701,0.13670820956383
"58","04_BSRF_p",5,0.705533719120113,3.52766859560056,0.30199172026377,0.454228053412517
"59","04_BSUA_p",2,0.911431943288231,1.82286388657646,0.0504937576344411,0.911431943288231
"60","04_BSUB_p",3,0.891915185051191,2.67574555515357,0.657180620784388,0.872398426814152
"61","04_BSUC_p",9,0.732844320997816,6.59559888898034,0.606304146520661,0.239682761001063
"62","04_ZHRD_p",5,0.690787220634001,3.45393610317,0.251415174956755,0.357265435390524
"63","04_ZHRE_p",1,NA,NA,NA,NA
"64","04_ZHRF_p",10,0.688307191811297,6.88307191811297,0.524875776859519,0.388743578501198
"65","04_ZHUA_p",5,0.26541885964565,1.32709429822825,0.13401144655839,0.105863379829405
"66","04_ZHUB_p",6,0.746634852718818,4.47980911631291,0.146364941668289,0.566038959330581
"67","04_ZHUC_p",5,0.723617654938386,3.61808827469193,0.295081652966249,0.200693651519925
"68","05_1_BERD_p",1,NA,NA,NA,NA
"69","05_2_BERD_p",1,NA,NA,NA,NA
"70","05_BEUB_p",12,0.838028513064655,10.0563421567759,0.548158845822963,0.591596193566843
"71","05_BEUC_p",1,NA,NA,NA,NA
"72","05_BSRD_p",2,0.911431943288231,1.82286388657646,0.883889374351697,0.911431943288231
"73","05_BSRE_p",1,NA,NA,NA,NA
"74","05_BSRF_p",2,0.36407797208954,0.728155944179081,0.363380904637952,0.36407797208954
"75","05_BSUA_p",3,0.627983800937842,1.88395140281353,0.534297408966979,0.344535658587454
"76","05_BSUB_p",3,0.627983800937842,1.88395140281353,0.405303313158327,0.344535658587454
"77","05_BSUC_p",4,0.632185002538646,2.52874001015458,0.0707054591955366,0.190791670461714
"78","05_ZHRD_p",8,0.609199968025051,4.87359974420041,0.558622870712912,0.347785459375839
"79","05_ZHRE_p",2,0.0610875162370648,0.12217503247413,0.00256552603369275,0.0610875162370648
"80","05_ZHRF_p",1,NA,NA,NA,NA
"81","05_ZHUA_p",8,0.621560829176111,4.97248663340889,0.535687427668577,0.182931323355569
"82","05_ZHUB_p",1,NA,NA,NA,NA
"83","05_ZHUC_p",2,0.0610875162370648,0.12217503247413,0.00431273511396224,0.0610875162370648
"84","06_1_BERD_p",1,NA,NA,NA,NA
"85","06_2_BERD_p",1,NA,NA,NA,NA
"86","06_BEUA_p",5,0.79266269005823,3.96331345029115,0.556037581314748,0.459140904814753
"87","06_BEUB_p",9,0.846919294584834,7.62227365126351,0.527598488497479,0.618535653485374
"88","06_BEUC_p",4,0.719082701765576,2.8763308070623,0.0763698743808486,0.334384218720265
"89","06_BSRD_p",1,NA,NA,NA,NA
"90","06_BSRE_p",1,NA,NA,NA,NA
"91","06_BSRF_p",2,0.36407797208954,0.728155944179081,0.355760158091379,0.36407797208954
"92","06_BSUA_p",2,0.0610875162370648,0.12217503247413,0.00242485573041939,0.0610875162370648
"93","06_BSUB_p",6,0.748081486478661,4.48848891887197,0.22517861401913,0.436081540840072
"94","06_BSUC_p",8,0.745320832846495,5.96256666277196,0.134044093639865,0.269185598660382
"95","06_ZHRD_p",3,0.891915185051191,2.67574555515357,0.210818459302851,0.872398426814152
"96","06_ZHRE_p",1,NA,NA,NA,NA
"97","06_ZHRF_p",1,NA,NA,NA,NA
"98","06_ZHUA_p",7,0.666302885984685,4.6641202018928,0.591112850310029,0.220404813406356
"99","06_ZHUB_p",9,0.752760900020521,6.77484810018469,0.646340241530233,0.263394772654329
"100","06_ZHUC_p",3,0.627983800937842,1.88395140281353,0.0348176112684259,0.344535658587454
"101","07_1_BERD_p",1,NA,NA,NA,NA
"102","07_2_BERD_p",1,NA,NA,NA,NA
"103","07_BEUA_p",5,0.705533719120113,3.52766859560056,0.3153846683217,0.454228053412517
"104","07_BEUB_p",4,0.58725654838014,2.34902619352056,0.0550102126153912,0.349421236962975
"105","07_BEUC_p",2,0.36407797208954,0.728155944179081,0.0608668256667597,0.36407797208954
"106","07_BSRD_p",4,0.240843484809697,0.963373939238789,0.0824900187932473,0.170346753138927
"107","07_BSRE_p",3,0.263081153472048,0.789243460416145,0.191099585546494,0.162084334854557
"108","07_BSRF_p",5,0.752353929028084,3.76176964514042,0.288316273192203,0.47953698957038
"109","07_BSUA_p",2,0.0610875162370648,0.12217503247413,0.00529733750170202,0.0610875162370648
"110","07_BSUB_p",6,0.814769952709623,4.88861971625774,0.534138329867935,0.517548823588001
"111","07_BSUC_p",9,0.683627867228054,6.15265080505248,0.177917521619642,0.317895273328026
"112","07_ZHRD_p",8,0.737053751518504,5.89643001214803,0.502502030420812,0.385648082859755
"113","07_ZHRE_p",2,0.911431943288231,1.82286388657646,0.690389721570691,0.911431943288231
"114","07_ZHRF_p",1,NA,NA,NA,NA
"115","07_ZHUA_p",4,0.605620585659742,2.42248234263897,0.0943212632511657,0.404513348801782
"116","07_ZHUB_p",3,0.898773068595716,2.69631920578715,0.0338875876345887,0.886114193903201
"117","07_ZHUC_p",1,NA,NA,NA,NA
"118","08_1_BERD_p",2,0.911431943288231,1.82286388657646,0.291588800750667,0.911431943288231
"119","08_2_BERD_p",1,NA,NA,NA,NA
"120","08_BEUA_p",6,0.712140681537656,4.27284408922593,0.481411977572848,0.319350048681577
"121","08_BEUB_p",13,0.794141655504441,10.3238415215577,0.506079992953427,0.401347654741543
"122","08_BEUC_p",4,0.74073683629483,2.96294734517932,0.155516129330883,0.49322406183833
"123","08_BSRD_p",3,0.117608998310559,0.352826994931677,0.0420071982092671,0.105769680936094
"124","08_BSRE_p",2,0.36407797208954,0.728155944179081,0.0384627846106051,0.36407797208954
"125","08_BSRF_p",5,0.752353929028084,3.76176964514042,0.773549295209316,0.47953698957038
"126","08_BSUA_p",2,0.0610875162370648,0.12217503247413,0.00346801221048398,0.0610875162370648
"127","08_BSUB_p",4,0.58725654838014,2.34902619352056,0.0233995625651768,0.349421236962975
"128","08_BSUC_p",7,0.650015835009268,4.55011084506488,0.129457477245692,0.218089435354535
"129","08_ZHRD_p",3,0.728980619555334,2.186941858666,0.0422090036395058,0.546529295822437
"130","08_ZHRE_p",6,0.768571454422739,4.61142872653643,0.200408754329317,0.502453671291401
"131","08_ZHRF_p",2,0.36407797208954,0.728155944179081,0.0097376928778834,0.36407797208954
"132","08_ZHUA_p",10,0.75275274339441,7.5275274339441,0.654572453269866,0.34807883200162
"133","08_ZHUB_p",4,0.695080486255703,2.78032194502281,0.515431408179467,0.55359578453037
"134","08_ZHUC_p",1,NA,NA,NA,NA
"135","09_1_BERD_p",1,NA,NA,NA,NA
"136","09_2_BERD_p",3,0.674800702755057,2.02440210826517,0.143961515339844,0.519439337422299
"137","09_BEUA_p",4,0.598650015132925,2.3946000605317,0.283837120698653,0.383601637221332
"138","09_BEUB_p",4,0.559225059667726,2.2369002386709,0.0428434144941647,0.366914114826254
"139","09_BEUC_p",2,0.911431943288231,1.82286388657646,0.202799619088696,0.911431943288231
"140","09_BSRD_p",2,0.36407797208954,0.728155944179081,0.107101594539356,0.36407797208954
"141","09_BSRE_p",2,0.36407797208954,0.728155944179081,0.0195180032887081,0.36407797208954
"142","09_BSRF_p",8,0.709423291483083,5.67538633186466,0.419934130366574,0.258801583892072
"143","09_BSUA_p",2,0.911431943288231,1.82286388657646,0.0379813219073295,0.911431943288231
"144","09_BSUB_p",4,0.726142062597411,2.90456825038964,0.543658392772489,0.355562301215769
"145","09_BSUC_p",6,0.698746570476924,4.19247942286154,0.250111050124036,0.23878261425328
"146","09_ZHRD_p",3,0.703662870170304,2.11098861051091,0.350528308399659,0.533870421129922
"147","09_ZHRE_p",2,0.36407797208954,0.728155944179081,0.0149035150702868,0.36407797208954
"148","09_ZHRF_p",1,NA,NA,NA,NA
"149","09_ZHUA_p",2,0.36407797208954,0.728155944179081,0.0295796599708882,0.36407797208954
"150","09_ZHUB_p",9,0.858922796471306,7.73030516824175,0.774630872377913,0.53048680140415
"151","09_ZHUC_p",4,0.745721786281823,2.98288714512729,0.720009074378381,0.464950049063199
"152","10_1_BERD_p",1,NA,NA,NA,NA
"153","10_2_BERD_p",2,0.36407797208954,0.728155944179081,0.257447941183091,0.36407797208954
"154","10_BEUA_p",1,NA,NA,NA,NA
"155","10_BEUB_p",8,0.802786665802454,6.42229332641963,0.678339327377486,0.50507804913837
"156","10_BEUC_p",4,0.640736071530671,2.56294428612268,0.0450747841356703,0.0993443283417473
"157","10_BSRD_p",1,NA,NA,NA,NA
"158","10_BSRE_p",1,NA,NA,NA,NA
"159","10_BSRF_p",3,0.728980619555334,2.186941858666,0.270061558411528,0.546529295822437
"160","10_BSUA_p",8,0.737596083625822,5.90076866900658,0.54873324038808,0.29860017289882
"161","10_BSUB_p",3,0.263081153472048,0.789243460416145,0.0071783940303658,0.162084334854557
"162","10_BSUC_p",4,0.582361277517408,2.32944511006963,0.049560154366828,0.346973601531609
"163","10_ZHRD_p",4,0.599859997267934,2.39943998907174,0.310909193756729,0.387231583626358
"164","10_ZHRE_p",6,0.76222711188466,4.57336267130796,0.434545291674949,0.481047317520325
"165","10_ZHRF_p",1,NA,NA,NA,NA
"166","10_ZHUA_p",5,0.711971783599213,3.55985891799607,0.628078186474378,0.442003687642811
"167","10_ZHUB_p",3,0.884341984888092,2.65302595466428,0.488656228849885,0.857252026487954
"168","10_ZHUC_p",7,0.802379640435744,5.61665748305021,0.0704640774028484,0.556801183677112
"169","11_1_BERD_p",1,NA,NA,NA,NA
"170","11_2_BERD_p",1,NA,NA,NA,NA
"171","11_BEUA_p",3,0.6250325864172,1.8750977592516,0.143021181811711,0.338633229654901
"172","11_BEUB_p",4,0.748846218945936,2.99538487578375,0.0733459825563701,0.423674770261347
"173","11_BEUC_p",4,0.74073683629483,2.96294734517932,0.690546102141341,0.49322406183833
"174","11_BSRD_p",3,0.28586808697762,0.857604260932859,0.00999373420877571,0.207658201865699
"175","11_BSRE_p",2,0.36407797208954,0.728155944179081,0.0198872520848865,0.36407797208954
"176","11_BSRF_p",6,0.730304006616476,4.38182403969886,0.59081708167105,0.342054205030103
"177","11_BSUA_p",5,0.650380192886045,3.25190096443022,0.159517983394986,0.357725889135154
"178","11_BSUB_p",2,0.911431943288231,1.82286388657646,0.697700404585144,0.911431943288231
"179","11_BSUC_p",3,0.627983800937842,1.88395140281353,0.110678813042087,0.344535658587454
"180","11_ZHRD_p",5,0.775801358836398,3.87900679418199,0.490690744343263,0.391695579927425
"181","11_ZHRE_p",1,NA,NA,NA,NA
"182","11_ZHRF_p",7,0.797251961912294,5.58076373338606,0.471169157661527,0.540730577274675
"183","11_ZHUA_p",6,0.758405006730171,4.55043004038103,0.677444883852527,0.468766141689876
"184","11_ZHUB_p",6,0.695221202511983,4.1713272150719,0.0638366796197476,0.298200699899486
"185","11_ZHUC_p",8,0.774422590605259,6.19538072484207,0.734024312290088,0.415559524032697
"186","12_1_BERD_p",2,0.911431943288231,1.82286388657646,0.687219489422453,0.911431943288231
"187","12_2_BERD_p",3,0.728980619555334,2.186941858666,0.745157816167227,0.546529295822437
"188","12_BEUA_p",9,0.69088556630166,6.21797009671494,0.62038136301911,0.316619841606042
"189","12_BEUB_p",11,0.736049517045329,8.09654468749862,0.484661239625839,0.347660671638261
"190","12_BEUC_p",4,0.640736071530671,2.56294428612268,0.0652409573110388,0.0993443283417473
"191","12_BSRD_p",7,0.673751783418335,4.71626248392834,0.231682769753484,0.37554791742651
"192","12_BSRE_p",1,NA,NA,NA,NA
"193","12_BSRF_p",3,0.263081153472048,0.789243460416145,0.0711784692777952,0.162084334854557
"194","12_BSUA_p",8,0.749794217960984,5.99835374368787,0.313068985228034,0.425492047194397
"195","12_BSUB_p",6,0.780910809731022,4.68546485838613,0.308589603049051,0.301722699372102
"196","12_BSUC_p",3,0.263081153472048,0.789243460416145,0.0159709825349661,0.162084334854557
"197","12_ZHRD_p",8,0.510727011431304,4.08581609145044,0.12510303245803,0.190919332517192
"198","12_ZHRE_p",1,NA,NA,NA,NA
"199","12_ZHRF_p",1,NA,NA,NA,NA
"200","12_ZHUA_p",5,0.706923693132238,3.53461846566119,0.27473676910244,0.480361600551269
"201","12_ZHUB_p",4,0.476182338289319,1.90472935315727,0.100590350456853,0.259913771973694
"202","12_ZHUC_p",7,0.775934242882383,5.43153970017668,0.377894587213479,0.420017968835116
"203","13_BERD_p",2,0.36407797208954,0.728155944179081,0.0484477969451711,0.36407797208954
"204","13_BEUA_p",4,0.762794562763791,3.05117825105516,0.720982213456025,0.50943250774825
"205","13_BEUB_p",1,NA,NA,NA,NA
"206","13_BEUC_p",3,0.869708636582897,2.60912590974869,0.234498029278699,0.827985329986296
"207","13_BSRD_p",5,0.700107813115928,3.50053906557964,0.445980591070871,0.475817680518649
"208","13_BSRE_p",3,0.263081153472048,0.789243460416145,0.022201863246308,0.162084334854557
"209","13_BSRF_p",3,0.728980619555334,2.186941858666,0.186160546701868,0.546529295822437
"210","13_BSUA_p",2,0.911431943288231,1.82286388657646,0.0415202072926544,0.911431943288231
"211","13_BSUB_p",7,0.672905584616561,4.71033909231593,0.396890634212296,0.261815645564567
"212","13_BSUC_p",6,0.698746570476924,4.19247942286154,0.151528653583537,0.23878261425328
"213","13_ZHRD_p",2,0.911431943288231,1.82286388657646,0.0425608917511977,0.911431943288231
"214","13_ZHRE_p",3,0.263081153472048,0.789243460416145,0.0279143734703227,0.162084334854557
"215","13_ZHRF_p",1,NA,NA,NA,NA
"216","13_ZHUA_p",10,0.757014587187386,7.57014587187386,0.571874309285722,0.375318532272834
"217","13_ZHUB_p",1,NA,NA,NA,NA
"218","13_ZHUC_p",12,0.740342128852537,8.88410554623044,0.697170698626049,0.349384825322414
"219","14_BERD_p",2,0.911431943288231,1.82286388657646,0.478568198840793,0.911431943288231
"220","14_BEUA_p",5,0.643626843826921,3.21813421913461,0.502772693592997,0.168623928162205
"221","14_BEUB_p",6,0.76222711188466,4.57336267130796,0.648898242913707,0.481047317520325
"222","14_BEUC_p",3,0.627983800937842,1.88395140281353,0.0560455013553337,0.344535658587454
"223","14_BSRD_p",1,NA,NA,NA,NA
"224","14_BSRE_p",1,NA,NA,NA,NA
"225","14_BSRF_p",4,0.598650015132925,2.3946000605317,0.639503671937507,0.383601637221332
"226","14_BSUA_p",4,0.58725654838014,2.34902619352056,0.126944980590482,0.349421236962975
"227","14_BSUB_p",4,0.58725654838014,2.34902619352056,0.190444005633114,0.349421236962975
"228","14_BSUC_p",9,0.77681484583132,6.99133361248188,0.527154556391958,0.445811899933082
"229","14_ZHRD_p",6,0.698042562701523,4.18825537620914,0.592032487976837,0.248859454500917
"230","14_ZHRE_p",1,NA,NA,NA,NA
"231","14_ZHRF_p",1,NA,NA,NA,NA
"232","14_ZHUA_p",9,0.775048235075102,6.97543411567592,0.610851998126985,0.3860441607162
"233","14_ZHUB_p",1,NA,NA,NA,NA
"234","14_ZHUC_p",11,0.812168031550699,8.93384834705769,0.42910183095801,0.435810497955248
"235","15_BERD_p",3,0.728980619555334,2.186941858666,0.201340417848784,0.546529295822437
"236","15_BEUA_p",2,0.36407797208954,0.728155944179081,0.0178145063456636,0.36407797208954
"237","15_BEUB_p",7,0.722540247293174,5.05778173105222,0.608009397273192,0.284410284259302
"238","15_BEUC_p",3,0.674800702755057,2.02440210826517,0.0733489334475044,0.519439337422299
"239","15_BSRD_p",1,NA,NA,NA,NA
"240","15_BSRE_p",1,NA,NA,NA,NA
"241","15_BSRF_p",7,0.55811895823297,3.90683270763079,0.517794933979364,0.224306556983242
"242","15_BSUA_p",4,0.798974873672023,3.19589949468809,0.598601447554303,0.500893230542141
"243","15_BSUB_p",2,0.911431943288231,1.82286388657646,0.0741289666701903,0.911431943288231
"244","15_BSUC_p",8,0.749944023353202,5.99955218682562,0.693250308893713,0.256908245283365
"245","15_ZHRD_p",1,NA,NA,NA,NA
"246","15_ZHRE_p",3,0.728980619555334,2.186941858666,0.0649814580784262,0.546529295822437
"247","15_ZHRF_p",1,NA,NA,NA,NA
"248","15_ZHUA_p",3,0.689947103081255,2.06984130924376,0.0466175900640317,0.527012537585397
"249","15_ZHUB_p",4,0.638801947964569,2.55520779185828,0.17813396064981,0.384760170177588
"250","15_ZHUC_p",7,0.788950236759853,5.52265165731897,0.681410035955699,0.52138321106111
"251","16_BERD_p",3,0.627983800937842,1.88395140281353,0.0967728113969311,0.344535658587454
"252","16_BEUA_p",2,0.911431943288231,1.82286388657646,0.641991435244492,0.911431943288231
"253","16_BEUB_p",6,0.662872213148177,3.97723327888906,0.225256068145934,0.215922764823431
"254","16_BEUC_p",1,NA,NA,NA,NA
"255","16_BSRD_p",1,NA,NA,NA,NA
"256","16_BSRE_p",2,0.36407797208954,0.728155944179081,0.0574729208756759,0.36407797208954
"257","16_BSRF_pB_E",5,0.704409714443116,3.52204857221558,0.0754343592871662,0.411755410626986
"258","16_BSRF_pB_F",5,0.704409714443116,3.52204857221558,0.545900667959893,0.411755410626986
"259","16_BSUA_p",8,0.68856312566258,5.50850500530064,0.468592194831024,0.224030709077382
"260","16_BSUB_p",4,0.750191113875997,3.00076445550399,0.793286897150063,0.471622161084868
"261","16_BSUC_p",5,0.692545743783252,3.46272871891626,0.34948702751217,0.445569403187943
"262","16_ZHRD_p",3,0.263081153472048,0.789243460416145,0.0203807169134249,0.162084334854557
"263","16_ZHRE_p",8,0.73063046567436,5.84504372539488,0.387641081787777,0.379331901938938
"264","16_ZHRF_p",2,0.36407797208954,0.728155944179081,0.242178168138173,0.36407797208954
"265","16_ZHUA_p",3,0.263081153472048,0.789243460416145,0.0221617112688108,0.162084334854557
"266","16_ZHUB_p",9,0.663161119664522,5.96845007698069,0.252343734105291,0.24179549684785
"267","16_ZHUC_p",8,0.803214547090369,6.42571637672295,0.638840898958148,0.499107448366163
"268","17_BERD_p",1,NA,NA,NA,NA
"269","17_BEUA_p",5,0.637865029752056,3.18932514876028,0.299526612976398,0.307665236990636
"270","17_BEUB_p",8,0.726643618347305,5.81314894677844,0.626264322020475,0.206498852388622
"271","17_BEUC_p",4,0.497207345839387,1.98882938335755,0.0890103979896034,0.281884335016636
"272","17_BSRD_p",2,0.36407797208954,0.728155944179081,0.0238421821929369,0.36407797208954
"273","17_BSRF_p",5,0.704409714443116,3.52204857221558,0.624119732220121,0.411755410626986
"274","17_BSUA_p",5,0.680243638563941,3.40121819281971,0.402806440176088,0.428937972856345
"275","17_BSUB_p",13,0.75826524097699,9.85744813270087,0.658212432177451,0.337340646845095
"276","17_BSUC_p",12,0.793517084774282,9.52220501729138,0.659047791591601,0.422896365858099
"277","17_ZHRD_p",5,0.651188913159597,3.25594456579799,0.097333891364852,0.198872205492911
"278","17_ZHRE_p",8,0.664679213138671,5.31743370510937,0.513332498773532,0.355544858421487
"279","17_ZHRF_p",1,NA,NA,NA,NA
"280","17_ZHUA_p",4,0.55798141102458,2.23192564409832,0.066140457107996,0.334783668285195
"281","17_ZHUB_p",6,0.67455696071222,4.04734176427332,0.121775601864887,0.190372145914764
"282","17_ZHUC_p",5,0.788547959931515,3.94273979965757,0.562670127025321,0.455026174688038
"283","18_BERD_p",1,NA,NA,NA,NA
"284","18_BEUA_p",3,0.689947103081255,2.06984130924376,0.286254269278264,0.527012537585397
"285","18_BEUB_p",5,0.690787220634001,3.45393610317,0.0638899782879077,0.357265435390524
"286","18_BEUC_p",7,0.749879002277569,5.24915301594298,0.237357151229178,0.319745906598098
"287","18_BSRD_p",1,NA,NA,NA,NA
"288","18_BSRE_p",1,NA,NA,NA,NA
"289","18_BSRF_p",4,0.807547406729268,3.23018962691707,0.460325477183646,0.628260801669499
"290","18_BSUA_p",4,0.748846218945936,2.99538487578375,0.613703074250765,0.423674770261347
"291","18_BSUB_p",4,0.766444358204428,3.06577743281771,0.231622401426018,0.483812094331191
"292","18_BSUC_p",10,0.821233905903028,8.21233905903028,0.779634177548602,0.48393103201644
"293","18_ZHRD_p",3,0.0829827484992765,0.24894824549783,0.0516889839323695,0.0720351323681706
"294","18_ZHRE_p",7,0.770065546908234,5.39045882835764,0.562445952955207,0.411404583166806
"295","18_ZHRF_p",1,NA,NA,NA,NA
"296","18_ZHUA_p",1,NA,NA,NA,NA
"297","18_ZHUB_p",9,0.757728081078154,6.81955272970339,0.572684711873118,0.399106677177685
"298","18_ZHUC_p",3,0.891915185051191,2.67574555515357,0.658951950489378,0.872398426814152
"299","19_BERD_p",2,0.36407797208954,0.728155944179081,0.115618301777173,0.36407797208954
"300","19_BEUA_p",5,0.498690993094627,2.49345496547313,0.250786365910525,0.298323061897554
"301","19_BEUB_p",3,0.627983800937842,1.88395140281353,0.073038474192948,0.344535658587454
"302","19_BEUC_p",2,0.0610875162370648,0.12217503247413,0.00444152448241742,0.0610875162370648
"303","19_BSRD_p",1,NA,NA,NA,NA
"304","19_BSRE_p",2,0.36407797208954,0.728155944179081,0.0258521704574961,0.36407797208954
"305","19_BSRF_p",8,0.364817641641717,2.91854113313373,0.272390367100215,0.214942406920723
"306","19_BSUA_p",4,0.750191113875997,3.00076445550399,0.601304092516517,0.471622161084868
"307","19_BSUB_p",5,0.704409714443116,3.52204857221558,0.217385150571451,0.411755410626986
"308","19_BSUC_p",9,0.705605977565065,6.35045379808559,0.421186971400644,0.181337033477737
"309","19_ZHRD_p",3,0.627983800937842,1.88395140281353,0.0503209933930905,0.344535658587454
"310","19_ZHRE_p",7,0.757324331759906,5.30127032231934,0.396324701386155,0.334957292276837
"311","19_ZHRF_p",5,0.650380192886045,3.25190096443022,0.106744746555137,0.357725889135154
"312","19_ZHUA_p",8,0.69436727324294,5.55493818594352,0.484152858467246,0.253398997820799
"313","19_ZHUB_p",3,0.627983800937842,1.88395140281353,0.031982319266677,0.344535658587454
"314","19_ZHUC_p",7,0.760716717079089,5.32501701955362,0.361337879501949,0.395568851523796
"315","20_BERD_p",2,0.36407797208954,0.728155944179081,0.0577175203074844,0.36407797208954
"316","20_BERD_pL_E",2,0.36407797208954,0.728155944179081,0.0739060355143986,0.36407797208954
"317","20_BERD_pL_F",1,NA,NA,NA,NA
"318","20_BEUA_p",2,0.36407797208954,0.728155944179081,0.0290252084475635,0.36407797208954
"319","20_BEUB_p",3,0.602666051552812,1.80799815465844,0.111488009987571,0.331876783894938
"320","20_BEUC_p",1,NA,NA,NA,NA
"321","20_BSRD_p",2,0.36407797208954,0.728155944179081,0.0241120363652409,0.36407797208954
"322","20_BSRE_p",1,NA,NA,NA,NA
"323","20_BSRF_p",5,0.749210832520337,3.74605416260168,0.431466385391588,0.337649451618215
"324","20_BSUA_p",4,0.64186538506325,2.567461540253,0.131005204356716,0.102732268613286
"325","20_BSUB_p",8,0.782656154324534,6.26124923459628,0.627660845080264,0.397632519106737
"326","20_BSUC_p",11,0.739562802669319,8.13519082936251,0.639151912333232,0.32716770555299
"327","20_ZHRD_p",3,0.827991427249644,2.48397428174893,0.0425076727144024,0.744550911211058
"328","20_ZHRE_p",3,0.263081153472048,0.789243460416145,0.0410843340515408,0.162084334854557
"329","20_ZHRF_p",1,NA,NA,NA,NA
"330","20_ZHUA_p",4,0.58725654838014,2.34902619352056,0.0634004216257612,0.349421236962975
"331","20_ZHUB_p",4,0.563949173367376,2.2557966934695,0.385850757163593,0.363174269944794
"332","20_ZHUC_p",5,0.788547959931515,3.94273979965757,0.156876654206145,0.455026174688038
"333","21_BERD_p",2,0.36407797208954,0.728155944179081,0.0626245392639904,0.36407797208954
"334","21_BEUA_p",2,0.36407797208954,0.728155944179081,0.0374867614272145,0.36407797208954
"335","21_BEUB_p",6,0.735803316976662,4.41481990185997,0.128684658468432,0.348928342980335
"336","21_BSRD_p",1,NA,NA,NA,NA
"337","21_BSRE_p",2,0.36407797208954,0.728155944179081,0.0383614692068233,0.36407797208954
"338","21_BSRF_p",3,0.263081153472048,0.789243460416145,0.0734452783421346,0.162084334854557
"339","21_BSUA_p",8,0.728005675784041,5.82404540627233,0.595660353109895,0.30977008806917
"340","21_BSUB_p",9,0.757062960603649,6.81356664543284,0.401432529756744,0.319818198589237
"341","21_BSUC_p",9,0.684031028370912,6.15627925533821,0.461839555774857,0.238784061643043
"342","21_ZHRD_p",4,0.568268236341367,2.27307294536547,0.121485570885784,0.339927080943589
"343","21_ZHRE_p",5,0.498690993225106,2.49345496612553,0.0738652307991465,0.298323061962794
"344","21_ZHRF_p",2,0.36407797208954,0.728155944179081,0.015404829463163,0.36407797208954
"345","21_ZHUA_p",4,0.309690178136624,1.23876071254649,0.0640983188819834,0.20091459023079
"346","21_ZHUB_p",2,0.911431943288231,1.82286388657646,0.268266803905766,0.911431943288231
"347","21_ZHUC_p",3,0.627983800937842,1.88395140281353,0.0561667722286494,0.344535658587454
"348","22_BERD_p",6,0.582489652057333,3.494937912344,0.15633154919417,0.131599586402723
"349","22_BEUA_p",2,0.911431943288231,1.82286388657646,0.224784904610593,0.911431943288231
"350","22_BEUB_p",4,0.606999179017468,2.42799671606987,0.18849727195394,0.408649128874959
"351","22_BSRD_p",4,0.240843484809697,0.963373939238789,0.105719219603918,0.170346753138927
"352","22_BSRE_p",2,0.36407797208954,0.728155944179081,0.0115445713242361,0.36407797208954
"353","22_BSRF_p",5,0.271283653755672,1.35641826877836,0.0710892089264517,0.129322556269493
"354","22_BSUA_p",12,0.761519129078942,9.13822954894731,0.501931086507312,0.343221104396266
"355","22_BSUB_p",9,0.743144519164593,6.68830067248134,0.674371603814922,0.386509977220767
"356","22_BSUC_p",8,0.787806690776852,6.30245352621482,0.342515477766429,0.377052703865737
"357","22_ZHRD_p",6,0.794529992061,4.767179952366,0.682354011244651,0.387138208203935
"358","22_ZHRE_p",8,0.782157998705796,6.25726398964637,0.623265667859934,0.420467772025183
"359","22_ZHRF_p",3,0.0994830080015259,0.298449024004578,0.020103797949268,0.0622578064392222
"360","22_ZHUA_p",1,NA,NA,NA,NA
"361","22_ZHUB_p",9,0.761924301986542,6.85731871787887,0.63411249360216,0.411126210080087
"362","22_ZHUC_p",5,0.737304365258851,3.68652182629426,0.433377851893826,0.25005179638882
"363","23_BERD_p",2,0.36407797208954,0.728155944179081,0.0160039221986996,0.36407797208954
"364","23_BEUA_p",3,0.728980619555334,2.186941858666,0.46196511673152,0.546529295822437
"365","23_BEUB_p",8,0.590113307448806,4.72090645959045,0.470988019482587,0.166165776228469
"366","23_BSRD_p",1,NA,NA,NA,NA
"367","23_BSRE_p",3,0.263081153472048,0.789243460416145,0.00733368132560724,0.162084334854557
"368","23_BSRF_p",4,0.58725654838014,2.34902619352056,0.40662498805366,0.349421236962975
"369","23_BSUA_p",4,0.497207345839387,1.98882938335755,0.0641458777535475,0.281884335016636
"370","23_BSUB_p",2,0.0610875162370648,0.12217503247413,0.00305075560859946,0.0610875162370648
"371","23_BSUC_p",6,0.62065790328706,3.72394741972236,0.237361912008852,0.390749496308207
"372","23_ZHRD_p",6,0.735283274207932,4.41169964524759,0.714279721954226,0.353157479078683
"373","23_ZHRE_p",8,0.667074899801665,5.33659919841332,0.23405174484054,0.378354054876961
"374","23_ZHRF_p",2,0.911431943288231,1.82286388657646,0.0601951424715394,0.911431943288231
"375","23_ZHUA_p",3,0.263081153472048,0.789243460416145,0.0530608265851527,0.162084334854557
"376","23_ZHUB_p",2,0.852881668577112,1.70576333715422,0.0341544119766493,0.852881668577112
"377","23_ZHUC_p",5,0.737981953411018,3.68990976705509,0.174202336105574,0.252762148606051
"378","24_BERD_p",1,NA,NA,NA,NA
"379","24_BEUA_p",2,0.36407797208954,0.728155944179081,0.052877337408221,0.36407797208954
"380","24_BEUB_p",2,0.830162068087815,1.66032413617563,0.382025287838923,0.830162068087815
"381","24_BSRD_p",1,NA,NA,NA,NA
"382","24_BSRE_p",1,NA,NA,NA,NA
"383","24_BSRF_p",7,0.418808414456857,2.931658901198,0.342139209753648,0.223005300958416
"384","24_BSUA_p",5,0.668745703620153,3.34372851810076,0.0941607330244941,0.407790602287074
"385","24_BSUB_p",7,0.762322376311755,5.33625663418229,0.160578938165158,0.370289624098155
"386","24_BSUC_p",5,0.260468781326552,1.30234390663276,0.0969982146628869,0.111729775386774
"387","24_ZHRD_p",7,0.693404795403605,4.85383356782523,0.319789689179124,0.379904886576825
"388","24_ZHRE_p",9,0.608516785192672,5.47665106673405,0.442297100585507,0.347797706653131
"389","24_ZHRF_p",5,0.427868073252223,2.13934036626111,0.0847492160040669,0.216734437103239
"390","24_ZHUA_p",4,0.505457475644879,2.02182990257951,0.577591665905998,0.274551340651474
"391","24_ZHUB_p",2,0.852881668577112,1.70576333715422,0.623961071665776,0.852881668577112
"392","24_ZHUC_p",16,0.780713454158852,12.4914152665416,0.619173799964185,0.402336441532102
"393","25_BERD_p",2,0.36407797208954,0.728155944179081,0.0188221800411064,0.36407797208954
"394","25_BEUA_p",5,0.505794583916617,2.52897291958308,0.321843432325583,0.305426652921136
"395","25_BEUB_p",8,0.616200261946027,4.92960209556821,0.581057682566683,0.222792435020343
"396","25_BSRD_p",1,NA,NA,NA,NA
"397","25_BSRE_p",3,0.263081153472048,0.789243460416145,0.260182061440509,0.162084334854557
"398","25_BSRF_p",3,0.288288051247637,0.86486415374291,0.0651653957716198,0.212498130405733
"399","25_BSUA_p",2,0.911431943288231,1.82286388657646,0.906809462130784,0.911431943288231
"400","25_BSUB_p",1,NA,NA,NA,NA
"401","25_BSUC_p",2,0.0610875162370648,0.12217503247413,0.0126075358974063,0.0610875162370648
"402","25_ZHRD_p",8,0.624496587598257,4.99597270078606,0.321970679582538,0.199266614558203
"403","25_ZHRE_p",7,0.790765060098429,5.535355420689,0.511835541451173,0.501809166391488
"404","25_ZHRF_p",4,0.58725654838014,2.34902619352056,0.0700323571655374,0.349421236962975
"405","25_ZHUA_p",2,0.36407797208954,0.728155944179081,0.0198468916511254,0.36407797208954
"406","25_ZHUB_p",1,NA,NA,NA,NA
"407","25_ZHUC_p",5,0.802377807904083,4.01188903952041,0.609958069210683,0.498001376198165
"408","26_BERD_p",1,NA,NA,NA,NA
"409","26_BEUA_p",2,0.0610875162370648,0.12217503247413,0.00153027932765637,0.0610875162370648
"410","26_BEUB_p",5,0.708793259653947,3.54396629826974,0.618439425550339,0.367029087747328
"411","26_BSRD_p",1,NA,NA,NA,NA
"412","26_BSRE_p",1,NA,NA,NA,NA
"413","26_BSRE_pL_E",1,NA,NA,NA,NA
"414","26_BSRE_pL_F",5,0.139362730309982,0.69681365154991,0.0632734829687583,0.0873571658523564
"415","26_BSRF_p",4,0.58725654838014,2.34902619352056,0.0211715116232924,0.349421236962975
"416","26_BSUA_p",3,0.0829827484992765,0.24894824549783,0.0111518096942252,0.0720351323681706
"417","26_BSUB_p",4,0.748846218945936,2.99538487578375,0.283419413323255,0.423674770261347
"418","26_BSUC_p",4,0.112575683809282,0.450302735237129,0.0285187790459987,0.0643106323001877
"419","26_ZHRD_p",2,0.911431942962033,1.82286388592407,0.150146835348977,0.911431942962033
"420","26_ZHRE_p",1,NA,NA,NA,NA
"421","26_ZHRF_p",1,NA,NA,NA,NA
"422","26_ZHUA_p",2,0.0522338730013345,0.104467746002669,0.0215618151568928,0.0522338730013346
"423","26_ZHUB_p",7,0.644380682305356,4.51066477613749,0.647802909375339,0.347514767496416
"424","26_ZHUC_p",9,0.725084358503653,6.52575922653288,0.461864943297836,0.348763524452284
"425","27_BERD_p",5,0.706197703981712,3.53098851990856,0.716849349318406,0.477457643492488
"426","27_BEUA_p",5,0.498690993225106,2.49345496612553,0.230932548774242,0.298323061962794
"427","27_BEUB_p",5,0.690787220634001,3.45393610317,0.384950796835656,0.357265435390524
"428","27_BSRD_p",1,NA,NA,NA,NA
"429","27_BSRE_p",2,0.36407797208954,0.728155944179081,0.0162152878973152,0.36407797208954
"430","27_BSRF_p",6,0.186300749056787,1.11780449434072,0.0720478091075565,0.114319814688971
"431","27_BSUA_p",3,0.627983800937842,1.88395140281353,0.341921543077441,0.344535658587454
"432","27_BSUB_p",4,0.526474347434304,2.10589738973722,0.0323605417498651,0.296517835850025
"433","27_BSUC_p",2,0.911431943288231,1.82286388657646,0.102923163988422,0.911431943288231
"434","27_ZHRD_p",4,0.223530359904056,0.894121439616223,0.0805334969008225,0.145045841712984
"435","27_ZHRE_p",3,0.86970863695403,2.60912591086209,0.096377378202227,0.82798533061983
"436","27_ZHRF_p",2,0.911431943288231,1.82286388657646,0.0973233573852481,0.911431943288231
"437","27_ZHUA_p",6,0.625286919540778,3.75172151724467,0.482050125765081,0.324197000745407
"438","27_ZHUB_p",8,0.731341213503595,5.85072970802876,0.528939340213115,0.359448225967275
"439","27_ZHUC_p",4,0.478219033777303,1.91287613510921,0.051764586299299,0.272390178962283
"440","28_BERD_p",1,NA,NA,NA,NA
"441","28_BEUB_p",9,0.705514115619331,6.34962704057398,0.713135732470769,0.326545524610678
"442","28_BSRD_p",1,NA,NA,NA,NA
"443","28_BSRE_p",3,0.263081153472048,0.789243460416145,0.223593097157055,0.162084334854557
"444","28_BSRF_p",6,0.118372971219918,0.710237827319509,0.0854529746287051,0.075175799756543
"445","28_BSUA_p",4,0.223530359904056,0.894121439616223,0.028134062437377,0.145045841712984
"446","28_BSUB_p",1,NA,NA,NA,NA
"447","28_BSUC_p",1,NA,NA,NA,NA
"448","28_ZHRD_p",5,0.492055912847609,2.46027956423804,0.191351891211687,0.299283306667637
"449","28_ZHRE_p",1,NA,NA,NA,NA
"450","28_ZHRF_p",1,NA,NA,NA,NA
"451","28_ZHUA_p",6,0.713617122734722,4.28170273640833,0.269336246840565,0.321195600177909
"452","28_ZHUB_p",4,0.486469163606106,1.94587665442442,0.104112154245306,0.265057184632088
"453","28_ZHUC_p",3,0.627983800937842,1.88395140281353,0.118854551884105,0.344535658587454
"454","29_BERD_p",2,0.911431943288231,1.82286388657646,0.487001034153503,0.911431943288231
"455","29_BEUA_p",2,0.36407797208954,0.728155944179081,0.101315159458181,0.36407797208954
"456","29_BEUB_p",13,0.697707312202967,9.07019505863857,0.597591810076954,0.227865342092766
"457","29_BSRD_p",1,NA,NA,NA,NA
"458","29_BSRE_p",2,0.36407797208954,0.728155944179081,0.0297894789567783,0.36407797208954
"459","29_BSRF_p",6,0.42748807544755,2.5649284526853,0.0876476285677922,0.251082627515843
"460","29_BSUA_p",3,0.627983800937842,1.88395140281353,0.576090295219044,0.344535658587454
"461","29_BSUB_p",4,0.497207345839387,1.98882938335755,0.0294842816678185,0.281884335016636
"462","29_BSUC_p",12,0.79200351545549,9.50404218546588,0.75027374969398,0.436964824609844
"463","29_ZHRD_p",2,0.0610875162370648,0.12217503247413,0.00362563626614221,0.0610875162370648
"464","29_ZHRE_p",2,0.911431943288231,1.82286388657646,0.588942227233765,0.911431943288231
"465","29_ZHRF_p",1,NA,NA,NA,NA
"466","29_ZHUA_p",3,0.728980619555334,2.186941858666,0.0678009492304229,0.546529295822437
"467","29_ZHUC_p",1,NA,NA,NA,NA
"468","30_BERD_p",1,NA,NA,NA,NA
"469","30_BEUA_pB_E",2,0.36407797208954,0.728155944179081,0.0300414757881758,0.36407797208954
"470","30_BEUA_pB_F",2,0.36407797208954,0.728155944179081,0.0194475270388929,0.36407797208954
"471","30_BEUB_p",5,0.456470256849934,2.28235128424967,0.539213772316738,0.292664016682913
"472","30_BSRD_p",2,0.36407797208954,0.728155944179081,0.00899644380882569,0.36407797208954
"473","30_BSRE_p",2,0.129448316753778,0.258896633507556,0.0134462110976883,0.129448316753778
"474","30_BSUA_p",2,0.852881668577112,1.70576333715422,0.0274030589231298,0.852881668577112
"475","30_BSUB_p",5,0.527430434427597,2.63715217213799,0.0742553954095827,0.327062503432117
"476","30_BSUC_p",3,0.288288051247637,0.86486415374291,0.011301921123374,0.212498130405733
"477","30_ZHRD_p",3,0.263081153472048,0.789243460416145,0.272787414882244,0.162084334854557
"478","30_ZHRE_p",4,0.598650015132925,2.3946000605317,0.0453333144472352,0.383601637221332
"479","30_ZHRF_p",2,0.911431943288231,1.82286388657646,0.0690534819006527,0.911431943288231
"480","30_ZHUA_p",7,0.793415480903999,5.553908366328,0.125129096534029,0.505753894936976
"481","30_ZHUB_p",1,NA,NA,NA,NA
"482","30_ZHUC_p",3,0.627983800937842,1.88395140281353,0.326799587238925,0.344535658587454
"483","31_BERD_p",1,NA,NA,NA,NA
"484","31_BEUA_p",3,0.263081153472048,0.789243460416145,0.0439009808194487,0.162084334854557
"485","31_BEUB_p",8,0.767223899105263,6.1377911928421,0.396427293252763,0.401959357810529
"486","31_BSRD_p",2,0.36407797208954,0.728155944179081,0.0348746666670241,0.36407797208954
"487","31_BSRE_p",2,0.0203484853735947,0.0406969707471894,0.000665260200653162,0.0203484853735947
"488","31_BSRF_p",5,0.205883021388085,1.02941510694042,0.0393813886519,0.126906387476869
"489","31_BSUA_p",3,0.627983800937842,1.88395140281353,0.0426297130492222,0.344535658587454
"490","31_BSUB_p",2,0.0610875162370648,0.12217503247413,0.00530161123077244,0.0610875162370648
"491","31_BSUC_p",5,0.705533719120113,3.52766859560056,0.539252188796445,0.454228053412517
"492","31_ZHRD_p",4,0.237789641938891,0.951158567755563,0.0326255761435547,0.155740303531875
"493","31_ZHRE_p",1,NA,NA,NA,NA
"494","31_ZHRF_p",6,0.565355087621007,3.39213052572604,0.107437687042576,0.335341329445142
"495","31_ZHUA_p",4,0.741070286812549,2.9642811472502,0.196283119413361,0.588088134948005
"496","31_ZHUB_p",5,0.211538475702584,1.05769237851292,0.133690396238524,0.143378314647249
"497","31_ZHUC_p",3,0.728980619555334,2.186941858666,0.54523218628638,0.546529295822437
"498","32_BERD_p",2,0.36407797208954,0.728155944179081,0.0121226894128839,0.36407797208954
"499","32_BEUA_p",4,0.737535529350196,2.95014211740078,0.084644758514119,0.389742701474126
"500","32_BEUB_p",4,0.681100645606643,2.72440258242657,0.437541694185895,0.416484193467564
"501","32_BSRD_p",1,NA,NA,NA,NA
"502","32_BSRE_p",3,0.299809228031253,0.899427684093759,0.235263448027198,0.235540483972966
"503","32_BSRF_p",6,0.413976036954661,2.48385622172797,0.0441459719474438,0.244115667578694
"504","32_BSUA_p",1,NA,NA,NA,NA
"505","32_BSUB_p",2,0.911431942962033,1.82286388592407,0.405614202729932,0.911431942962033
"506","32_BSUC_p",3,0.111501311788241,0.334503935364724,0.00670544151782509,0.086294414012653
"507","32_ZHRD_p",2,0.136708209563829,0.273416419127659,0.00572931028918955,0.13670820956383
"508","32_ZHRE_p",3,0.249501476517558,0.748504429552675,0.0206871010602432,0.134924980945577
"509","32_ZHRF_p",1,NA,NA,NA,NA
"510","32_ZHUA_p",9,0.712087097429709,6.40878387686738,0.649522030844495,0.28256837368571
"511","32_ZHUB_p",5,0.637865029974729,3.18932514987365,0.599657719209583,0.307665237489891
"512","32_ZHUC_p",3,0.627983800937842,1.88395140281353,0.675411477166386,0.344535658587454
"513","33_BERD_p",1,NA,NA,NA,NA
"514","33_BEUA_p",1,NA,NA,NA,NA
"515","33_BEUB_p",12,0.777394662929371,9.32873595515246,0.706892453982337,0.377505640414377
"516","33_BSRD_p",2,0.852881668577112,1.70576333715422,0.0219478457442785,0.852881668577112
"517","33_BSRE_p",2,0.36407797208954,0.728155944179081,0.0181678280361606,0.36407797208954
"518","33_BSRF_p",3,0.111501311788241,0.334503935364724,0.0165773940376743,0.086294414012653
"519","33_BSUA_p",2,0.911431943288231,1.82286388657646,0.0881012085692925,0.911431943288231
"520","33_BSUB_p",3,0.0829827484992765,0.24894824549783,0.0146973278902757,0.0720351323681706
"521","33_BSUC_p",3,0.263081153472048,0.789243460416145,0.0171115773910173,0.162084334854557
"522","33_ZHRD_p",8,0.734132086896116,5.87305669516893,0.622395434670522,0.337137900426026
"523","33_ZHRE_p",1,NA,NA,NA,NA
"524","33_ZHRF_p",7,0.69444068475083,4.86108479325581,0.482000528163229,0.462572934959176
"525","33_ZHUA_p",1,NA,NA,NA,NA
"526","33_ZHUB_p",1,NA,NA,NA,NA
"527","33_ZHUC_p",9,0.725384348227583,6.52845913404825,0.379312096389721,0.285565021688466
"528","34_BERD_p",1,NA,NA,NA,NA
"529","34_BEUA_p",3,0.728980619555334,2.186941858666,0.0293905488475881,0.546529295822437
"530","34_BEUB_p",5,0.706923693262717,3.53461846631359,0.355934189837757,0.480361600616508
"531","34_BSRD_p",1,NA,NA,NA,NA
"532","34_BSRE_p",2,0.36407797208954,0.728155944179081,0.0283277508392792,0.36407797208954
"533","34_BSRF_p",5,0.209102696035039,1.04551348017519,0.0750049441177651,0.10796848791267
"534","34_BSUA_p",1,NA,NA,NA,NA
"535","34_BSUB_p",2,0.0610875162370648,0.12217503247413,0.00713428792151039,0.0610875162370648
"536","34_BSUC_p",1,NA,NA,NA,NA
"537","34_ZHRD_p",7,0.804183395414973,5.62928376790481,0.498041765490521,0.390468714642162
"538","34_ZHRE_p",2,0.36407797208954,0.728155944179081,0.22719442708796,0.36407797208954
"539","34_ZHRF_p",5,0.635091530657865,3.17545765328933,0.295907722019943,0.382622081421093
"540","34_ZHUA_p",2,0.911431943288231,1.82286388657646,0.0514153842754399,0.911431943288231
"541","34_ZHUB_p",7,0.641154339347651,4.48808037543356,0.0911516704390748,0.233715147183758
"542","34_ZHUC_p",10,0.649088435164365,6.49088435164365,0.475137767987123,0.307065953083395
"543","35_BERD_p",2,0.36407797208954,0.728155944179081,0.0320196110612998,0.36407797208954
"544","35_BEUB_p",2,0.911431943288231,1.82286388657646,0.0610150495712962,0.911431943288231
"545","35_BSRD_p",1,NA,NA,NA,NA
"546","35_BSRF_p",4,0.223530359904056,0.894121439616223,0.151481871935048,0.145045841712984
"547","35_BSUA_p",2,0.0610875162370648,0.12217503247413,0.00391514885156896,0.0610875162370648
"548","35_BSUB_p",3,0.627983800937842,1.88395140281353,0.0227186100817083,0.344535658587454
"549","35_BSUC_p",1,NA,NA,NA,NA
"550","35_ZHRD_p",9,0.646328651102811,5.8169578599253,0.518165892692788,0.217878487652935
"551","35_ZHRE_p",2,0.136708209563829,0.273416419127659,0.00313668302077131,0.13670820956383
"552","35_ZHRF_p",2,0.911431943288231,1.82286388657646,0.62386069564596,0.911431943288231
"553","35_ZHUA_p",3,0.627983800937842,1.88395140281353,0.472314339799697,0.344535658587454
"554","35_ZHUB_p",4,0.660144883473405,2.64057953389362,0.625556438024385,0.157570763843754
"555","36_BERD_p",2,0.36407797208954,0.728155944179081,0.361439022989939,0.36407797208954
"556","36_BEUB_p",2,0.650037086194474,1.30007417238895,0.0968629595516507,0.650037086194474
"557","36_BSRD_p",1,NA,NA,NA,NA
"558","36_BSRF_p",4,0.58725654838014,2.34902619352056,0.211994538385184,0.349421236962975
"559","36_BSUA_p",1,NA,NA,NA,NA
"560","36_BSUB_p",2,0.0610875162370648,0.12217503247413,0.00317657120363868,0.0610875162370648
"561","36_BSUC_p",4,0.58725654838014,2.34902619352056,0.0394357370672258,0.349421236962975
"562","36_ZHRF_p",7,0.826112737814981,5.78278916470487,0.743805643940369,0.569241139149142
"563","36_ZHUA_p",3,0.627983800937842,1.88395140281353,0.0530003987221591,0.344535658587454
"564","36_ZHUB_p",4,0.716196414064485,2.86478565625794,0.652293114621154,0.325725355616994
"565","37_BSRD_p",1,NA,NA,NA,NA
"566","37_BSRF_p",3,0.288288051247637,0.86486415374291,0.0485168825336444,0.212498130405733
"567","37_BSUA_p",1,NA,NA,NA,NA
"568","37_BSUB_p",2,0.0610875162370648,0.12217503247413,0.00172686573713277,0.0610875162370648
"569","37_BSUC_p",4,0.58725654838014,2.34902619352056,0.0761632266234245,0.349421236962975
"570","37_ZHRF_p",6,0.631164960991452,3.78698976594871,0.280649875950828,0.365175916681881
"571","37_ZHUA_p",4,0.58725654838014,2.34902619352056,0.0794766195291704,0.349421236962975
"572","37_ZHUB_p",6,0.744949788526196,4.46969873115717,0.630275223294562,0.527224929571538
"573","38_BSUA_p",3,0.86970863695403,2.60912591086209,0.202304297407557,0.82798533061983
"574","38_BSUB_p",2,0.911431943288231,1.82286388657646,0.0213440799498594,0.911431943288231
"575","38_BSUC_p",2,0.0610875162370648,0.12217503247413,0.0105920621311841,0.0610875162370648
"576","38_ZHUA_p",2,0.0610875162370648,0.12217503247413,0.00314247894784625,0.0610875162370648
"577","39_BSUA_p",4,0.813991900468921,3.25596760187568,0.0827945040244713,0.50840174394059
"578","39_BSUB_p",2,0.36407797208954,0.728155944179081,0.0146237671703253,0.36407797208954
"579","40_BSUB_p",11,0.69509076476422,7.64599841240642,0.226248253620134,0.257749963196096
